expire_at,lap,meta_event,meta_session,meta_source,meta_time,original_vehicle_id,outing,timestamp,vehicle_id,vehicle_number
,3,I_R06_2025-09-07,R1,kafka:gr-raw,2025-09-06T18:40:41.927Z,GR86-002-000,0,2025-09-06T18:40:41.776Z,GR86-002-000,0
,4,I_R06_2025-09-07,R1,kafka:gr-raw,2025-09-06T18:42:28.189Z,GR86-002-000,0,2025-09-06T18:42:25.505Z,GR86-002-000,0
,5,I_R06_2025-09-07,R1,kafka:gr-raw,2025-09-06T18:44:42.583Z,GR86-002-000,0,2025-09-06T18:44:41.001Z,GR86-002-000,0
,6,I_R06_2025-09-07,R1,kafka:gr-raw,2025-09-06T18:46:44.358Z,GR86-002-000,0,2025-09-06T18:46:42.663Z,GR86-002-000,0
,7,I_R06_2025-09-07,R1,kafka:gr-raw,2025-09-06T18:48:22.301Z,GR86-002-000,0,2025-09-06T18:48:21.404Z,GR86-002-000,0
,8,I_R06_2025-09-07,R1,kafka:gr-raw,2025-09-06T18:50:01.292Z,GR86-002-000,0,2025-09-06T18:49:59.667Z,GR86-002-000,0
,9,I_R06_2025-09-07,R1,kafka:gr-raw,2025-09-06T18:51:42.817Z,GR86-002-000,0,2025-09-06T18:51:38.082Z,GR86-002-000,0
,10,I_R06_2025-09-07,R1,kafka:gr-raw,2025-09-06T18:53:48.034Z,GR86-002-000,0,2025-09-06T18:53:16.606Z,GR86-002-000,0
,11,I_R06_2025-09-07,R1,kafka:gr-raw,2025-09-06T18:54:55.677Z,GR86-002-000,0,2025-09-06T18:54:55.378Z,GR86-002-000,0
,12,I_R06_2025-09-07,R1,kafka:gr-raw,2025-09-06T18:56:36.361Z,GR86-002-000,0,2025-09-06T18:56:34.777Z,GR86-002-000,0
,13,I_R06_2025-09-07,R1,kafka:gr-raw,2025-09-06T18:58:15.351Z,GR86-002-000,0,2025-09-06T18:58:13.957Z,GR86-002-000,0
,14,I_R06_2025-09-07,R1,kafka:gr-raw,2025-09-06T18:59:52.823Z,GR86-002-000,0,2025-09-06T18:59:52.580Z,GR86-002-000,0
,15,I_R06_2025-09-07,R1,kafka:gr-raw,2025-09-06T19:01:34.320Z,GR86-002-000,0,2025-09-06T19:01:31.119Z,GR86-002-000,0
,16,I_R06_2025-09-07,R1,kafka:gr-raw,2025-09-06T19:03:09.911Z,GR86-002-000,0,2025-09-06T19:03:09.709Z,GR86-002-000,0
,17,I_R06_2025-09-07,R1,kafka:gr-raw,2025-09-06T19:04:51.106Z,GR86-002-000,0,2025-09-06T19:04:47.998Z,GR86-002-000,0
,18,I_R06_2025-09-07,R1,kafka:gr-raw,2025-09-06T19:06:27.257Z,GR86-002-000,0,2025-09-06T19:06:26.713Z,GR86-002-000,0
,19,I_R06_2025-09-07,R1,kafka:gr-raw,2025-09-06T19:08:06.443Z,GR86-002-000,0,2025-09-06T19:08:05.384Z,GR86-002-000,0
,20,I_R06_2025-09-07,R1,kafka:gr-raw,2025-09-06T19:09:46.584Z,GR86-002-000,0,2025-09-06T19:09:43.810Z,GR86-002-000,0
,21,I_R06_2025-09-07,R1,kafka:gr-raw,2025-09-06T19:11:22.885Z,GR86-002-000,0,2025-09-06T19:11:22.283Z,GR86-002-000,0
,22,I_R06_2025-09-07,R1,kafka:gr-raw,2025-09-06T19:13:04.812Z,GR86-002-000,0,2025-09-06T19:13:00.728Z,GR86-002-000,0
,23,I_R06_2025-09-07,R1,kafka:gr-raw,2025-09-06T19:14:40.264Z,GR86-002-000,0,2025-09-06T19:14:39.072Z,GR86-002-000,0
,24,I_R06_2025-09-07,R1,kafka:gr-raw,2025-09-06T19:16:18.563Z,GR86-002-000,0,2025-09-06T19:16:17.495Z,GR86-002-000,0
,25,I_R06_2025-09-07,R1,kafka:gr-raw,2025-09-06T19:17:57.809Z,GR86-002-000,0,2025-09-06T19:17:56.074Z,GR86-002-000,0
,26,I_R06_2025-09-07,R1,kafka:gr-raw,2025-09-06T19:19:35.363Z,GR86-002-000,0,2025-09-06T19:19:34.696Z,GR86-002-000,0
,27,I_R06_2025-09-07,R1,kafka:gr-raw,2025-09-06T19:21:13.887Z,GR86-002-000,0,2025-09-06T19:21:13.467Z,GR86-002-000,0
,28,I_R06_2025-09-07,R1,kafka:gr-raw,2025-09-06T19:22:54.263Z,GR86-002-000,0,2025-09-06T19:22:52.266Z,GR86-002-000,0
,29,I_R06_2025-09-07,R1,kafka:gr-raw,2025-09-06T19:24:32.794Z,GR86-002-000,0,2025-09-06T19:24:31.471Z,GR86-002-000,0
,3,I_R06_2025-09-07,R1,kafka:gr-raw,2025-09-06T18:40:49.987Z,GR86-004-78,0,2025-09-06T18:40:43.603Z,GR86-004-78,78
,4,I_R06_2025-09-07,R1,kafka:gr-raw,2025-09-06T18:42:36.469Z,GR86-004-78,0,2025-09-06T18:42:36.169Z,GR86-004-78,78
,5,I_R06_2025-09-07,R1,kafka:gr-raw,2025-09-06T18:44:50.249Z,GR86-004-78,0,2025-09-06T18:44:49.851Z,GR86-004-78,78
,6,I_R06_2025-09-07,R1,kafka:gr-raw,2025-09-06T18:46:53.780Z,GR86-004-78,0,2025-09-06T18:46:47.980Z,GR86-004-78,78
,7,I_R06_2025-09-07,R1,kafka:gr-raw,2025-09-06T18:48:30.412Z,GR86-004-78,0,2025-09-06T18:48:29.996Z,GR86-004-78,78
,8,I_R06_2025-09-07,R1,kafka:gr-raw,2025-09-06T18:50:11.173Z,GR86-004-78,0,2025-09-06T18:50:10.677Z,GR86-004-78,78
,9,I_R06_2025-09-07,R1,kafka:gr-raw,2025-09-06T18:51:52.304Z,GR86-004-78,0,2025-09-06T18:51:51.056Z,GR86-004-78,78
,10,I_R06_2025-09-07,R1,kafka:gr-raw,2025-09-06T18:53:53.829Z,GR86-004-78,0,2025-09-06T18:53:31.274Z,GR86-004-78,78
,11,I_R06_2025-09-07,R1,kafka:gr-raw,2025-09-06T18:55:13.204Z,GR86-004-78,0,2025-09-06T18:55:11.527Z,GR86-004-78,78
,12,I_R06_2025-09-07,R1,kafka:gr-raw,2025-09-06T18:56:52.545Z,GR86-004-78,0,2025-09-06T18:56:51.939Z,GR86-004-78,78
,13,I_R06_2025-09-07,R1,kafka:gr-raw,2025-09-06T18:58:34.883Z,GR86-004-78,0,2025-09-06T18:58:34.532Z,GR86-004-78,78
,14,I_R06_2025-09-07,R1,kafka:gr-raw,2025-09-06T19:00:15.642Z,GR86-004-78,0,2025-09-06T19:00:15.122Z,GR86-004-78,78
,15,I_R06_2025-09-07,R1,kafka:gr-raw,2025-09-06T19:02:01.464Z,GR86-004-78,0,2025-09-06T19:01:56.047Z,GR86-004-78,78
,16,I_R06_2025-09-07,R1,kafka:gr-raw,2025-09-06T19:03:37.431Z,GR86-004-78,0,2025-09-06T19:03:37.134Z,GR86-004-78,78
,17,I_R06_2025-09-07,R1,kafka:gr-raw,2025-09-06T19:05:24.570Z,GR86-004-78,0,2025-09-06T19:05:17.448Z,GR86-004-78,78
,18,I_R06_2025-09-07,R1,kafka:gr-raw,2025-09-06T19:07:02.329Z,GR86-004-78,0,2025-09-06T19:06:59.070Z,GR86-004-78,78
,19,I_R06_2025-09-07,R1,kafka:gr-raw,2025-09-06T19:08:41.369Z,GR86-004-78,0,2025-09-06T19:08:40.496Z,GR86-004-78,78
,20,I_R06_2025-09-07,R1,kafka:gr-raw,2025-09-06T19:10:21.402Z,GR86-004-78,0,2025-09-06T19:10:21.134Z,GR86-004-78,78
,21,I_R06_2025-09-07,R1,kafka:gr-raw,2025-09-06T19:12:03.888Z,GR86-004-78,0,2025-09-06T19:12:02.084Z,GR86-004-78,78
,22,I_R06_2025-09-07,R1,kafka:gr-raw,2025-09-06T19:13:48.727Z,GR86-004-78,0,2025-09-06T19:13:43.551Z,GR86-004-78,78
,23,I_R06_2025-09-07,R1,kafka:gr-raw,2025-09-06T19:15:24.483Z,GR86-004-78,0,2025-09-06T19:15:24.199Z,GR86-004-78,78
,24,I_R06_2025-09-07,R1,kafka:gr-raw,2025-09-06T19:17:05.891Z,GR86-004-78,0,2025-09-06T19:17:05.573Z,GR86-004-78,78
,25,I_R06_2025-09-07,R1,kafka:gr-raw,2025-09-06T19:18:50.718Z,GR86-004-78,0,2025-09-06T19:18:46.421Z,GR86-004-78,78
,26,I_R06_2025-09-07,R1,kafka:gr-raw,2025-09-06T19:20:28.292Z,GR86-004-78,0,2025-09-06T19:20:27.335Z,GR86-004-78,78
,27,I_R06_2025-09-07,R1,kafka:gr-raw,2025-09-06T19:22:08.251Z,GR86-004-78,0,2025-09-06T19:22:08.057Z,GR86-004-78,78
,28,I_R06_2025-09-07,R1,kafka:gr-raw,2025-09-06T19:23:50.575Z,GR86-004-78,0,2025-09-06T19:23:48.932Z,GR86-004-78,78
,2,I_R06_2025-09-07,R1,kafka:gr-raw,2025-09-06T18:42:35.979Z,GR86-006-7,0,2025-09-06T18:42:28.479Z,GR86-006-7,7
,2,I_R06_2025-09-07,R1,kafka:gr-raw,2025-09-06T18:40:49.969Z,GR86-006-7,0,2025-09-06T18:40:42.069Z,GR86-006-7,7
,3,I_R06_2025-09-07,R1,kafka:gr-raw,2025-09-06T18:44:44.567Z,GR86-006-7,0,2025-09-06T18:44:43.674Z,GR86-006-7,7
,3,I_R06_2025-09-07,R1,kafka:gr-raw,2025-09-06T18:42:35.980Z,GR86-006-7,0,2025-09-06T18:42:28.535Z,GR86-006-7,7
,3,I_R06_2025-09-07,R1,kafka:gr-raw,2025-09-06T18:42:35.978Z,GR86-006-7,0,2025-09-06T18:42:28.477Z,GR86-006-7,7
,4,I_R06_2025-09-07,R1,kafka:gr-raw,2025-09-06T18:44:44.568Z,GR86-006-7,0,2025-09-06T18:44:43.713Z,GR86-006-7,7
,4,I_R06_2025-09-07,R1,kafka:gr-raw,2025-09-06T18:44:44.567Z,GR86-006-7,0,2025-09-06T18:44:43.672Z,GR86-006-7,7
,5,I_R06_2025-09-07,R1,kafka:gr-raw,2025-09-06T18:46:44.310Z,GR86-006-7,0,2025-09-06T18:46:43.780Z,GR86-006-7,7
,6,I_R06_2025-09-07,R1,kafka:gr-raw,2025-09-06T18:48:23.867Z,GR86-006-7,0,2025-09-06T18:48:22.911Z,GR86-006-7,7
,7,I_R06_2025-09-07,R1,kafka:gr-raw,2025-09-06T18:50:03.085Z,GR86-006-7,0,2025-09-06T18:50:01.994Z,GR86-006-7,7
,8,I_R06_2025-09-07,R1,kafka:gr-raw,2025-09-06T18:51:42.960Z,GR86-006-7,0,2025-09-06T18:51:40.896Z,GR86-006-7,7
,9,I_R06_2025-09-07,R1,kafka:gr-raw,2025-09-06T18:53:53.217Z,GR86-006-7,0,2025-09-06T18:53:19.726Z,GR86-006-7,7
,10,I_R06_2025-09-07,R1,kafka:gr-raw,2025-09-06T18:55:00.029Z,GR86-006-7,0,2025-09-06T18:54:58.696Z,GR86-006-7,7
,11,I_R06_2025-09-07,R1,kafka:gr-raw,2025-09-06T18:58:17.366Z,GR86-006-7,0,2025-09-06T18:58:16.100Z,GR86-006-7,7
,11,I_R06_2025-09-07,R1,kafka:gr-raw,2025-09-06T18:56:38.125Z,GR86-006-7,0,2025-09-06T18:56:37.308Z,GR86-006-7,7
,12,I_R06_2025-09-07,R1,kafka:gr-raw,2025-09-06T18:58:17.367Z,GR86-006-7,0,2025-09-06T18:58:16.103Z,GR86-006-7,7
,12,I_R06_2025-09-07,R1,kafka:gr-raw,2025-09-06T18:58:17.366Z,GR86-006-7,0,2025-09-06T18:58:16.098Z,GR86-006-7,7
,13,I_R06_2025-09-07,R1,kafka:gr-raw,2025-09-06T18:59:54.861Z,GR86-006-7,0,2025-09-06T18:59:54.679Z,GR86-006-7,7
,14,I_R06_2025-09-07,R1,kafka:gr-raw,2025-09-06T19:01:34.483Z,GR86-006-7,0,2025-09-06T19:01:33.394Z,GR86-006-7,7
,15,I_R06_2025-09-07,R1,kafka:gr-raw,2025-09-06T19:03:14.102Z,GR86-006-7,0,2025-09-06T19:03:12.210Z,GR86-006-7,7
,16,I_R06_2025-09-07,R1,kafka:gr-raw,2025-09-06T19:06:32.754Z,GR86-006-7,0,2025-09-06T19:06:29.975Z,GR86-006-7,7
,16,I_R06_2025-09-07,R1,kafka:gr-raw,2025-09-06T19:04:51.241Z,GR86-006-7,0,2025-09-06T19:04:50.801Z,GR86-006-7,7
,17,I_R06_2025-09-07,R1,kafka:gr-raw,2025-09-06T19:06:32.754Z,GR86-006-7,0,2025-09-06T19:06:30.019Z,GR86-006-7,7
,17,I_R06_2025-09-07,R1,kafka:gr-raw,2025-09-06T19:06:32.753Z,GR86-006-7,0,2025-09-06T19:06:29.972Z,GR86-006-7,7
,18,I_R06_2025-09-07,R1,kafka:gr-raw,2025-09-06T19:08:15.783Z,GR86-006-7,0,2025-09-06T19:08:08.972Z,GR86-006-7,7
,19,I_R06_2025-09-07,R1,kafka:gr-raw,2025-09-06T19:09:51.824Z,GR86-006-7,0,2025-09-06T19:09:47.893Z,GR86-006-7,7
,20,I_R06_2025-09-07,R1,kafka:gr-raw,2025-09-06T19:13:46.506Z,GR86-006-7,0,2025-09-06T19:13:06.331Z,GR86-006-7,7
,20,I_R06_2025-09-07,R1,kafka:gr-raw,2025-09-06T19:11:28.476Z,GR86-006-7,0,2025-09-06T19:11:27.220Z,GR86-006-7,7
,21,I_R06_2025-09-07,R1,kafka:gr-raw,2025-09-06T19:13:46.506Z,GR86-006-7,0,2025-09-06T19:13:06.338Z,GR86-006-7,7
,21,I_R06_2025-09-07,R1,kafka:gr-raw,2025-09-06T19:13:46.506Z,GR86-006-7,0,2025-09-06T19:13:06.327Z,GR86-006-7,7
,22,I_R06_2025-09-07,R1,kafka:gr-raw,2025-09-06T19:14:49.210Z,GR86-006-7,0,2025-09-06T19:14:45.117Z,GR86-006-7,7
,23,I_R06_2025-09-07,R1,kafka:gr-raw,2025-09-06T19:16:51.973Z,GR86-006-7,0,2025-09-06T19:16:24.301Z,GR86-006-7,7
,24,I_R06_2025-09-07,R1,kafka:gr-raw,2025-09-06T19:18:05.360Z,GR86-006-7,0,2025-09-06T19:18:04.516Z,GR86-006-7,7
,25,I_R06_2025-09-07,R1,kafka:gr-raw,2025-09-06T19:21:21.708Z,GR86-006-7,0,2025-09-06T19:21:21.165Z,GR86-006-7,7
,25,I_R06_2025-09-07,R1,kafka:gr-raw,2025-09-06T19:19:46.561Z,GR86-006-7,0,2025-09-06T19:19:41.965Z,GR86-006-7,7
,26,I_R06_2025-09-07,R1,kafka:gr-raw,2025-09-06T19:21:21.709Z,GR86-006-7,0,2025-09-06T19:21:21.166Z,GR86-006-7,7
,26,I_R06_2025-09-07,R1,kafka:gr-raw,2025-09-06T19:21:21.708Z,GR86-006-7,0,2025-09-06T19:21:21.163Z,GR86-006-7,7
,27,I_R06_2025-09-07,R1,kafka:gr-raw,2025-09-06T19:23:02.600Z,GR86-006-7,0,2025-09-06T19:22:59.890Z,GR86-006-7,7
,28,I_R06_2025-09-07,R1,kafka:gr-raw,2025-09-06T19:24:40.665Z,GR86-006-7,0,2025-09-06T19:24:39.002Z,GR86-006-7,7
,3,I_R06_2025-09-07,R1,kafka:gr-raw,2025-09-06T18:40:41.924Z,GR86-010-16,0,2025-09-06T18:40:41.554Z,GR86-010-16,16
,4,I_R06_2025-09-07,R1,kafka:gr-raw,2025-09-06T18:42:24.702Z,GR86-010-16,0,2025-09-06T18:42:24.360Z,GR86-010-16,16
,5,I_R06_2025-09-07,R1,kafka:gr-raw,2025-09-06T18:44:40.591Z,GR86-010-16,0,2025-09-06T18:44:40.439Z,GR86-010-16,16
,6,I_R06_2025-09-07,R1,kafka:gr-raw,2025-09-06T18:46:44.328Z,GR86-010-16,0,2025-09-06T18:46:42.347Z,GR86-010-16,16
,7,I_R06_2025-09-07,R1,kafka:gr-raw,2025-09-06T18:48:22.332Z,GR86-010-16,0,2025-09-06T18:48:21.073Z,GR86-010-16,16
,8,I_R06_2025-09-07,R1,kafka:gr-raw,2025-09-06T18:49:59.181Z,GR86-010-16,0,2025-09-06T18:49:58.949Z,GR86-010-16,16
,9,I_R06_2025-09-07,R1,kafka:gr-raw,2025-09-06T18:51:37.789Z,GR86-010-16,0,2025-09-06T18:51:36.760Z,GR86-010-16,16
,10,I_R06_2025-09-07,R1,kafka:gr-raw,2025-09-06T18:53:52.950Z,GR86-010-16,0,2025-09-06T18:53:14.548Z,GR86-010-16,16
,11,I_R06_2025-09-07,R1,kafka:gr-raw,2025-09-06T18:54:53.513Z,GR86-010-16,0,2025-09-06T18:54:52.557Z,GR86-010-16,16
,12,I_R06_2025-09-07,R1,kafka:gr-raw,2025-09-06T18:56:32.501Z,GR86-010-16,0,2025-09-06T18:56:30.672Z,GR86-010-16,16
,13,I_R06_2025-09-07,R1,kafka:gr-raw,2025-09-06T18:58:15.215Z,GR86-010-16,0,2025-09-06T18:58:08.751Z,GR86-010-16,16
,14,I_R06_2025-09-07,R1,kafka:gr-raw,2025-09-06T18:59:47.533Z,GR86-010-16,0,2025-09-06T18:59:47.175Z,GR86-010-16,16
,15,I_R06_2025-09-07,R1,kafka:gr-raw,2025-09-06T19:01:27.078Z,GR86-010-16,0,2025-09-06T19:01:25.543Z,GR86-010-16,16
,16,I_R06_2025-09-07,R1,kafka:gr-raw,2025-09-06T19:03:07.669Z,GR86-010-16,0,2025-09-06T19:03:04.131Z,GR86-010-16,16
,17,I_R06_2025-09-07,R1,kafka:gr-raw,2025-09-06T19:04:44.724Z,GR86-010-16,0,2025-09-06T19:04:43.253Z,GR86-010-16,16
,18,I_R06_2025-09-07,R1,kafka:gr-raw,2025-09-06T19:06:25.690Z,GR86-010-16,0,2025-09-06T19:06:21.922Z,GR86-010-16,16
,19,I_R06_2025-09-07,R1,kafka:gr-raw,2025-09-06T19:08:04.020Z,GR86-010-16,0,2025-09-06T19:08:00.345Z,GR86-010-16,16
,20,I_R06_2025-09-07,R1,kafka:gr-raw,2025-09-06T19:09:38.654Z,GR86-010-16,0,2025-09-06T19:09:38.318Z,GR86-010-16,16
,21,I_R06_2025-09-07,R1,kafka:gr-raw,2025-09-06T19:11:22.702Z,GR86-010-16,0,2025-09-06T19:11:16.532Z,GR86-010-16,16
,22,I_R06_2025-09-07,R1,kafka:gr-raw,2025-09-06T19:14:33.641Z,GR86-010-16,0,2025-09-06T19:14:32.917Z,GR86-010-16,16
,22,I_R06_2025-09-07,R1,kafka:gr-raw,2025-09-06T19:12:58.291Z,GR86-010-16,0,2025-09-06T19:12:54.758Z,GR86-010-16,16
,23,I_R06_2025-09-07,R1,kafka:gr-raw,2025-09-06T19:14:33.641Z,GR86-010-16,0,2025-09-06T19:14:32.957Z,GR86-010-16,16
,23,I_R06_2025-09-07,R1,kafka:gr-raw,2025-09-06T19:14:33.631Z,GR86-010-16,0,2025-09-06T19:14:32.915Z,GR86-010-16,16
,24,I_R06_2025-09-07,R1,kafka:gr-raw,2025-09-06T19:16:14.094Z,GR86-010-16,0,2025-09-06T19:16:10.858Z,GR86-010-16,16
,25,I_R06_2025-09-07,R1,kafka:gr-raw,2025-09-06T19:17:54.133Z,GR86-010-16,0,2025-09-06T19:17:49.069Z,GR86-010-16,16
,26,I_R06_2025-09-07,R1,kafka:gr-raw,2025-09-06T19:19:28.185Z,GR86-010-16,0,2025-09-06T19:19:27.149Z,GR86-010-16,16
,27,I_R06_2025-09-07,R1,kafka:gr-raw,2025-09-06T19:21:09.695Z,GR86-010-16,0,2025-09-06T19:21:04.920Z,GR86-010-16,16
,28,I_R06_2025-09-07,R1,kafka:gr-raw,2025-09-06T19:22:45.535Z,GR86-010-16,0,2025-09-06T19:22:43.160Z,GR86-010-16,16
,29,I_R06_2025-09-07,R1,kafka:gr-raw,2025-09-06T19:24:22.715Z,GR86-010-16,0,2025-09-06T19:24:21.059Z,GR86-010-16,16
,3,I_R06_2025-09-07,R1,kafka:gr-raw,2025-09-06T18:40:44.456Z,GR86-013-80,0,2025-09-06T18:40:43.089Z,GR86-013-80,80
,4,I_R06_2025-09-07,R1,kafka:gr-raw,2025-09-06T18:42:36.261Z,GR86-013-80,0,2025-09-06T18:42:33.301Z,GR86-013-80,80
,5,I_R06_2025-09-07,R1,kafka:gr-raw,2025-09-06T18:44:48.438Z,GR86-013-80,0,2025-09-06T18:44:47.593Z,GR86-013-80,80
,6,I_R06_2025-09-07,R1,kafka:gr-raw,2025-09-06T18:46:47.596Z,GR86-013-80,0,2025-09-06T18:46:45.864Z,GR86-013-80,80
,7,I_R06_2025-09-07,R1,kafka:gr-raw,2025-09-06T18:48:30.222Z,GR86-013-80,0,2025-09-06T18:48:26.397Z,GR86-013-80,80
,8,I_R06_2025-09-07,R1,kafka:gr-raw,2025-09-06T18:50:07.178Z,GR86-013-80,0,2025-09-06T18:50:06.268Z,GR86-013-80,80
,9,I_R06_2025-09-07,R1,kafka:gr-raw,2025-09-06T18:52:04.094Z,GR86-013-80,0,2025-09-06T18:52:03.263Z,GR86-013-80,80
,10,I_R06_2025-09-07,R1,kafka:gr-raw,2025-09-06T18:54:02.382Z,GR86-013-80,0,2025-09-06T18:53:43.487Z,GR86-013-80,80
,11,I_R06_2025-09-07,R1,kafka:gr-raw,2025-09-06T18:55:24.491Z,GR86-013-80,0,2025-09-06T18:55:24.235Z,GR86-013-80,80
,12,I_R06_2025-09-07,R1,kafka:gr-raw,2025-09-06T18:57:05.781Z,GR86-013-80,0,2025-09-06T18:57:04.785Z,GR86-013-80,80
,13,I_R06_2025-09-07,R1,kafka:gr-raw,2025-09-06T18:59:02.628Z,GR86-013-80,0,2025-09-06T18:58:45.672Z,GR86-013-80,80
,14,I_R06_2025-09-07,R1,kafka:gr-raw,2025-09-06T19:00:27.123Z,GR86-013-80,0,2025-09-06T19:00:25.571Z,GR86-013-80,80
,15,I_R06_2025-09-07,R1,kafka:gr-raw,2025-09-06T19:02:05.850Z,GR86-013-80,0,2025-09-06T19:02:05.381Z,GR86-013-80,80
,16,I_R06_2025-09-07,R1,kafka:gr-raw,2025-09-06T19:03:45.769Z,GR86-013-80,0,2025-09-06T19:03:45.571Z,GR86-013-80,80
,17,I_R06_2025-09-07,R1,kafka:gr-raw,2025-09-06T19:05:26.880Z,GR86-013-80,0,2025-09-06T19:05:25.747Z,GR86-013-80,80
,18,I_R06_2025-09-07,R1,kafka:gr-raw,2025-09-06T19:07:06.609Z,GR86-013-80,0,2025-09-06T19:07:06.447Z,GR86-013-80,80
,19,I_R06_2025-09-07,R1,kafka:gr-raw,2025-09-06T19:08:50.961Z,GR86-013-80,0,2025-09-06T19:08:49.382Z,GR86-013-80,80
,20,I_R06_2025-09-07,R1,kafka:gr-raw,2025-09-06T19:10:31.002Z,GR86-013-80,0,2025-09-06T19:10:29.570Z,GR86-013-80,80
,21,I_R06_2025-09-07,R1,kafka:gr-raw,2025-09-06T19:12:11.024Z,GR86-013-80,0,2025-09-06T19:12:09.958Z,GR86-013-80,80
,22,I_R06_2025-09-07,R1,kafka:gr-raw,2025-09-06T19:13:50.983Z,GR86-013-80,0,2025-09-06T19:13:50.381Z,GR86-013-80,80
,23,I_R06_2025-09-07,R1,kafka:gr-raw,2025-09-06T19:15:31.838Z,GR86-013-80,0,2025-09-06T19:15:30.623Z,GR86-013-80,80
,24,I_R06_2025-09-07,R1,kafka:gr-raw,2025-09-06T19:17:10.834Z,GR86-013-80,0,2025-09-06T19:17:10.558Z,GR86-013-80,80
,25,I_R06_2025-09-07,R1,kafka:gr-raw,2025-09-06T19:19:06.673Z,GR86-013-80,0,2025-09-06T19:18:54.399Z,GR86-013-80,80
,26,I_R06_2025-09-07,R1,kafka:gr-raw,2025-09-06T19:20:35.214Z,GR86-013-80,0,2025-09-06T19:20:35.060Z,GR86-013-80,80
,27,I_R06_2025-09-07,R1,kafka:gr-raw,2025-09-06T19:22:17.008Z,GR86-013-80,0,2025-09-06T19:22:15.563Z,GR86-013-80,80
,28,I_R06_2025-09-07,R1,kafka:gr-raw,2025-09-06T19:23:56.135Z,GR86-013-80,0,2025-09-06T19:23:55.898Z,GR86-013-80,80
,2,I_R06_2025-09-07,R1,kafka:gr-raw,2025-09-06T18:40:44.474Z,GR86-015-31,0,2025-09-06T18:40:42.062Z,GR86-015-31,31
,3,I_R06_2025-09-07,R1,kafka:gr-raw,2025-09-06T18:42:30.032Z,GR86-015-31,0,2025-09-06T18:42:29.134Z,GR86-015-31,31
,4,I_R06_2025-09-07,R1,kafka:gr-raw,2025-09-06T18:44:44.574Z,GR86-015-31,0,2025-09-06T18:44:44.273Z,GR86-015-31,31
,5,I_R06_2025-09-07,R1,kafka:gr-raw,2025-09-06T18:46:44.411Z,GR86-015-31,0,2025-09-06T18:46:43.938Z,GR86-015-31,31
,6,I_R06_2025-09-07,R1,kafka:gr-raw,2025-09-06T18:48:30.363Z,GR86-015-31,0,2025-09-06T18:48:27.255Z,GR86-015-31,31
,7,I_R06_2025-09-07,R1,kafka:gr-raw,2025-09-06T18:50:07.248Z,GR86-015-31,0,2025-09-06T18:50:06.746Z,GR86-015-31,31
,8,I_R06_2025-09-07,R1,kafka:gr-raw,2025-09-06T18:51:47.760Z,GR86-015-31,0,2025-09-06T18:51:46.083Z,GR86-015-31,31
,9,I_R06_2025-09-07,R1,kafka:gr-raw,2025-09-06T18:53:48.426Z,GR86-015-31,0,2025-09-06T18:53:24.555Z,GR86-015-31,31
,10,I_R06_2025-09-07,R1,kafka:gr-raw,2025-09-06T18:55:05.058Z,GR86-015-31,0,2025-09-06T18:55:03.465Z,GR86-015-31,31
,11,I_R06_2025-09-07,R1,kafka:gr-raw,2025-09-06T18:56:42.886Z,GR86-015-31,0,2025-09-06T18:56:42.440Z,GR86-015-31,31
,12,I_R06_2025-09-07,R1,kafka:gr-raw,2025-09-06T18:58:22.837Z,GR86-015-31,0,2025-09-06T18:58:22.550Z,GR86-015-31,31
,13,I_R06_2025-09-07,R1,kafka:gr-raw,2025-09-06T19:00:05.660Z,GR86-015-31,0,2025-09-06T19:00:02.596Z,GR86-015-31,31
,14,I_R06_2025-09-07,R1,kafka:gr-raw,2025-09-06T19:01:47.136Z,GR86-015-31,0,2025-09-06T19:01:41.665Z,GR86-015-31,31
,15,I_R06_2025-09-07,R1,kafka:gr-raw,2025-09-06T19:03:22.057Z,GR86-015-31,0,2025-09-06T19:03:20.872Z,GR86-015-31,31
,16,I_R06_2025-09-07,R1,kafka:gr-raw,2025-09-06T19:05:01.998Z,GR86-015-31,0,2025-09-06T19:05:01.688Z,GR86-015-31,31
,17,I_R06_2025-09-07,R1,kafka:gr-raw,2025-09-06T19:06:57.107Z,GR86-015-31,0,2025-09-06T19:06:43.673Z,GR86-015-31,31
,18,I_R06_2025-09-07,R1,kafka:gr-raw,2025-09-06T19:08:23.962Z,GR86-015-31,0,2025-09-06T19:08:22.056Z,GR86-015-31,31
,19,I_R06_2025-09-07,R1,kafka:gr-raw,2025-09-06T19:10:02.497Z,GR86-015-31,0,2025-09-06T19:10:01.285Z,GR86-015-31,31
,20,I_R06_2025-09-07,R1,kafka:gr-raw,2025-09-06T19:11:43.510Z,GR86-015-31,0,2025-09-06T19:11:40.533Z,GR86-015-31,31
,21,I_R06_2025-09-07,R1,kafka:gr-raw,2025-09-06T19:13:46.698Z,GR86-015-31,0,2025-09-06T19:13:19.731Z,GR86-015-31,31
,22,I_R06_2025-09-07,R1,kafka:gr-raw,2025-09-06T19:15:00.718Z,GR86-015-31,0,2025-09-06T19:14:59.070Z,GR86-015-31,31
,23,I_R06_2025-09-07,R1,kafka:gr-raw,2025-09-06T19:16:52.508Z,GR86-015-31,0,2025-09-06T19:16:38.529Z,GR86-015-31,31
,24,I_R06_2025-09-07,R1,kafka:gr-raw,2025-09-06T19:18:17.624Z,GR86-015-31,0,2025-09-06T19:18:17.268Z,GR86-015-31,31
,25,I_R06_2025-09-07,R1,kafka:gr-raw,2025-09-06T19:19:57.701Z,GR86-015-31,0,2025-09-06T19:19:56.674Z,GR86-015-31,31
,26,I_R06_2025-09-07,R1,kafka:gr-raw,2025-09-06T19:21:38.049Z,GR86-015-31,0,2025-09-06T19:21:36.159Z,GR86-015-31,31
,27,I_R06_2025-09-07,R1,kafka:gr-raw,2025-09-06T19:23:16.860Z,GR86-015-31,0,2025-09-06T19:23:15.260Z,GR86-015-31,31
,28,I_R06_2025-09-07,R1,kafka:gr-raw,2025-09-06T19:24:55.540Z,GR86-015-31,0,2025-09-06T19:24:54.342Z,GR86-015-31,31
,3,I_R06_2025-09-07,R1,kafka:gr-raw,2025-09-06T18:40:44.458Z,GR86-016-55,0,2025-09-06T18:40:42.006Z,GR86-016-55,55
,4,I_R06_2025-09-07,R1,kafka:gr-raw,2025-09-06T18:42:28.259Z,GR86-016-55,0,2025-09-06T18:42:27.802Z,GR86-016-55,55
,5,I_R06_2025-09-07,R1,kafka:gr-raw,2025-09-06T18:44:44.314Z,GR86-016-55,0,2025-09-06T18:44:42.874Z,GR86-016-55,55
,6,I_R06_2025-09-07,R1,kafka:gr-raw,2025-09-06T18:46:44.352Z,GR86-016-55,0,2025-09-06T18:46:43.308Z,GR86-016-55,55
,7,I_R06_2025-09-07,R1,kafka:gr-raw,2025-09-06T18:48:22.398Z,GR86-016-55,0,2025-09-06T18:48:22.020Z,GR86-016-55,55
,8,I_R06_2025-09-07,R1,kafka:gr-raw,2025-09-06T18:50:01.291Z,GR86-016-55,0,2025-09-06T18:50:00.986Z,GR86-016-55,55
,9,I_R06_2025-09-07,R1,kafka:gr-raw,2025-09-06T18:51:42.767Z,GR86-016-55,0,2025-09-06T18:51:39.355Z,GR86-016-55,55
,10,I_R06_2025-09-07,R1,kafka:gr-raw,2025-09-06T18:53:53.295Z,GR86-016-55,0,2025-09-06T18:53:17.388Z,GR86-016-55,55
,11,I_R06_2025-09-07,R1,kafka:gr-raw,2025-09-06T18:54:57.789Z,GR86-016-55,0,2025-09-06T18:54:55.783Z,GR86-016-55,55
,12,I_R06_2025-09-07,R1,kafka:gr-raw,2025-09-06T18:56:36.355Z,GR86-016-55,0,2025-09-06T18:56:35.196Z,GR86-016-55,55
,13,I_R06_2025-09-07,R1,kafka:gr-raw,2025-09-06T18:58:17.282Z,GR86-016-55,0,2025-09-06T18:58:13.606Z,GR86-016-55,55
,14,I_R06_2025-09-07,R1,kafka:gr-raw,2025-09-06T18:59:52.767Z,GR86-016-55,0,2025-09-06T18:59:52.079Z,GR86-016-55,55
,15,I_R06_2025-09-07,R1,kafka:gr-raw,2025-09-06T19:01:30.750Z,GR86-016-55,0,2025-09-06T19:01:30.468Z,GR86-016-55,55
,16,I_R06_2025-09-07,R1,kafka:gr-raw,2025-09-06T19:03:09.710Z,GR86-016-55,0,2025-09-06T19:03:08.671Z,GR86-016-55,55
,17,I_R06_2025-09-07,R1,kafka:gr-raw,2025-09-06T19:04:51.059Z,GR86-016-55,0,2025-09-06T19:04:47.082Z,GR86-016-55,55
,18,I_R06_2025-09-07,R1,kafka:gr-raw,2025-09-06T19:08:04.414Z,GR86-016-55,0,2025-09-06T19:08:03.617Z,GR86-016-55,55
,18,I_R06_2025-09-07,R1,kafka:gr-raw,2025-09-06T19:06:25.801Z,GR86-016-55,0,2025-09-06T19:06:25.277Z,GR86-016-55,55
,19,I_R06_2025-09-07,R1,kafka:gr-raw,2025-09-06T19:08:04.414Z,GR86-016-55,0,2025-09-06T19:08:03.665Z,GR86-016-55,55
,19,I_R06_2025-09-07,R1,kafka:gr-raw,2025-09-06T19:08:04.413Z,GR86-016-55,0,2025-09-06T19:08:03.616Z,GR86-016-55,55
,20,I_R06_2025-09-07,R1,kafka:gr-raw,2025-09-06T19:09:42.788Z,GR86-016-55,0,2025-09-06T19:09:41.957Z,GR86-016-55,55
,21,I_R06_2025-09-07,R1,kafka:gr-raw,2025-09-06T19:13:00.081Z,GR86-016-55,0,2025-09-06T19:12:59.417Z,GR86-016-55,55
,21,I_R06_2025-09-07,R1,kafka:gr-raw,2025-09-06T19:13:00.080Z,GR86-016-55,0,2025-09-06T19:12:59.415Z,GR86-016-55,55
,21,I_R06_2025-09-07,R1,kafka:gr-raw,2025-09-06T19:11:24.728Z,GR86-016-55,0,2025-09-06T19:11:20.602Z,GR86-016-55,55
,22,I_R06_2025-09-07,R1,kafka:gr-raw,2025-09-06T19:13:00.082Z,GR86-016-55,0,2025-09-06T19:12:59.419Z,GR86-016-55,55
,22,I_R06_2025-09-07,R1,kafka:gr-raw,2025-09-06T19:13:00.080Z,GR86-016-55,0,2025-09-06T19:12:59.416Z,GR86-016-55,55
,22,I_R06_2025-09-07,R1,kafka:gr-raw,2025-09-06T19:13:00.080Z,GR86-016-55,0,2025-09-06T19:12:59.413Z,GR86-016-55,55
,23,I_R06_2025-09-07,R1,kafka:gr-raw,2025-09-06T19:14:37.637Z,GR86-016-55,0,2025-09-06T19:14:37.391Z,GR86-016-55,55
,24,I_R06_2025-09-07,R1,kafka:gr-raw,2025-09-06T19:16:16.172Z,GR86-016-55,0,2025-09-06T19:16:15.777Z,GR86-016-55,55
,25,I_R06_2025-09-07,R1,kafka:gr-raw,2025-09-06T19:17:56.088Z,GR86-016-55,0,2025-09-06T19:17:54.280Z,GR86-016-55,55
,26,I_R06_2025-09-07,R1,kafka:gr-raw,2025-09-06T19:21:13.516Z,GR86-016-55,0,2025-09-06T19:21:11.266Z,GR86-016-55,55
,26,I_R06_2025-09-07,R1,kafka:gr-raw,2025-09-06T19:19:33.059Z,GR86-016-55,0,2025-09-06T19:19:32.589Z,GR86-016-55,55
,27,I_R06_2025-09-07,R1,kafka:gr-raw,2025-09-06T19:22:54.157Z,GR86-016-55,0,2025-09-06T19:22:49.719Z,GR86-016-55,55
,27,I_R06_2025-09-07,R1,kafka:gr-raw,2025-09-06T19:21:13.520Z,GR86-016-55,0,2025-09-06T19:21:11.269Z,GR86-016-55,55
,27,I_R06_2025-09-07,R1,kafka:gr-raw,2025-09-06T19:21:13.516Z,GR86-016-55,0,2025-09-06T19:21:11.264Z,GR86-016-55,55
,28,I_R06_2025-09-07,R1,kafka:gr-raw,2025-09-06T19:22:54.157Z,GR86-016-55,0,2025-09-06T19:22:49.766Z,GR86-016-55,55
,28,I_R06_2025-09-07,R1,kafka:gr-raw,2025-09-06T19:22:54.156Z,GR86-016-55,0,2025-09-06T19:22:49.717Z,GR86-016-55,55
,29,I_R06_2025-09-07,R1,kafka:gr-raw,2025-09-06T19:24:31.139Z,GR86-016-55,0,2025-09-06T19:24:29.055Z,GR86-016-55,55
,3,I_R06_2025-09-07,R1,kafka:gr-raw,2025-09-06T18:40:41.807Z,GR86-022-13,0,2025-09-06T18:40:41.269Z,GR86-022-13,13
,4,I_R06_2025-09-07,R1,kafka:gr-raw,2025-09-06T18:42:24.594Z,GR86-022-13,0,2025-09-06T18:42:23.576Z,GR86-022-13,13
,5,I_R06_2025-09-07,R1,kafka:gr-raw,2025-09-06T18:44:40.343Z,GR86-022-13,0,2025-09-06T18:44:38.611Z,GR86-022-13,13
,6,I_R06_2025-09-07,R1,kafka:gr-raw,2025-09-06T18:46:42.038Z,GR86-022-13,0,2025-09-06T18:46:41.700Z,GR86-022-13,13
,7,I_R06_2025-09-07,R1,kafka:gr-raw,2025-09-06T18:48:20.895Z,GR86-022-13,0,2025-09-06T18:48:19.597Z,GR86-022-13,13
,8,I_R06_2025-09-07,R1,kafka:gr-raw,2025-09-06T18:49:58.795Z,GR86-022-13,0,2025-09-06T18:49:57.437Z,GR86-022-13,13
,9,I_R06_2025-09-07,R1,kafka:gr-raw,2025-09-06T18:51:36.026Z,GR86-022-13,0,2025-09-06T18:51:35.377Z,GR86-022-13,13
,10,I_R06_2025-09-07,R1,kafka:gr-raw,2025-09-06T18:53:47.877Z,GR86-022-13,0,2025-09-06T18:53:12.384Z,GR86-022-13,13
,11,I_R06_2025-09-07,R1,kafka:gr-raw,2025-09-06T18:54:51.734Z,GR86-022-13,0,2025-09-06T18:54:49.879Z,GR86-022-13,13
,12,I_R06_2025-09-07,R1,kafka:gr-raw,2025-09-06T18:56:29.011Z,GR86-022-13,0,2025-09-06T18:56:27.487Z,GR86-022-13,13
,13,I_R06_2025-09-07,R1,kafka:gr-raw,2025-09-06T18:58:06.317Z,GR86-022-13,0,2025-09-06T18:58:05.181Z,GR86-022-13,13
,14,I_R06_2025-09-07,R1,kafka:gr-raw,2025-09-06T19:01:21.069Z,GR86-022-13,0,2025-09-06T19:01:20.903Z,GR86-022-13,13
,14,I_R06_2025-09-07,R1,kafka:gr-raw,2025-09-06T18:59:44.147Z,GR86-022-13,0,2025-09-06T18:59:42.903Z,GR86-022-13,13
,15,I_R06_2025-09-07,R1,kafka:gr-raw,2025-09-06T19:01:21.069Z,GR86-022-13,0,2025-09-06T19:01:20.904Z,GR86-022-13,13
,15,I_R06_2025-09-07,R1,kafka:gr-raw,2025-09-06T19:01:21.069Z,GR86-022-13,0,2025-09-06T19:01:20.901Z,GR86-022-13,13
,16,I_R06_2025-09-07,R1,kafka:gr-raw,2025-09-06T19:03:04.432Z,GR86-022-13,0,2025-09-06T19:02:58.689Z,GR86-022-13,13
,17,I_R06_2025-09-07,R1,kafka:gr-raw,2025-09-06T19:04:38.767Z,GR86-022-13,0,2025-09-06T19:04:36.787Z,GR86-022-13,13
,18,I_R06_2025-09-07,R1,kafka:gr-raw,2025-09-06T19:06:18.930Z,GR86-022-13,0,2025-09-06T19:06:15.065Z,GR86-022-13,13
,19,I_R06_2025-09-07,R1,kafka:gr-raw,2025-09-06T19:09:33.218Z,GR86-022-13,0,2025-09-06T19:09:32.214Z,GR86-022-13,13
,19,I_R06_2025-09-07,R1,kafka:gr-raw,2025-09-06T19:07:54.352Z,GR86-022-13,0,2025-09-06T19:07:53.889Z,GR86-022-13,13
,20,I_R06_2025-09-07,R1,kafka:gr-raw,2025-09-06T19:09:33.260Z,GR86-022-13,0,2025-09-06T19:09:32.243Z,GR86-022-13,13
,20,I_R06_2025-09-07,R1,kafka:gr-raw,2025-09-06T19:09:33.218Z,GR86-022-13,0,2025-09-06T19:09:32.213Z,GR86-022-13,13
,21,I_R06_2025-09-07,R1,kafka:gr-raw,2025-09-06T19:11:12.649Z,GR86-022-13,0,2025-09-06T19:11:10.509Z,GR86-022-13,13
,22,I_R06_2025-09-07,R1,kafka:gr-raw,2025-09-06T19:12:58.091Z,GR86-022-13,0,2025-09-06T19:12:49.061Z,GR86-022-13,13
,23,I_R06_2025-09-07,R1,kafka:gr-raw,2025-09-06T19:14:28.612Z,GR86-022-13,0,2025-09-06T19:14:28.046Z,GR86-022-13,13
,24,I_R06_2025-09-07,R1,kafka:gr-raw,2025-09-06T19:16:06.024Z,GR86-022-13,0,2025-09-06T19:16:05.779Z,GR86-022-13,13
,25,I_R06_2025-09-07,R1,kafka:gr-raw,2025-09-06T19:17:53.856Z,GR86-022-13,0,2025-09-06T19:17:44.178Z,GR86-022-13,13
,26,I_R06_2025-09-07,R1,kafka:gr-raw,2025-09-06T19:19:22.968Z,GR86-022-13,0,2025-09-06T19:19:22.202Z,GR86-022-13,13
,27,I_R06_2025-09-07,R1,kafka:gr-raw,2025-09-06T19:21:09.088Z,GR86-022-13,0,2025-09-06T19:21:00.493Z,GR86-022-13,13
,28,I_R06_2025-09-07,R1,kafka:gr-raw,2025-09-06T19:22:40.102Z,GR86-022-13,0,2025-09-06T19:22:39.124Z,GR86-022-13,13
,29,I_R06_2025-09-07,R1,kafka:gr-raw,2025-09-06T19:24:18.296Z,GR86-022-13,0,2025-09-06T19:24:17.730Z,GR86-022-13,13
,3,I_R06_2025-09-07,R1,kafka:gr-raw,2025-09-06T18:40:41.827Z,GR86-025-47,0,2025-09-06T18:40:41.600Z,GR86-025-47,47
,4,I_R06_2025-09-07,R1,kafka:gr-raw,2025-09-06T18:42:28.093Z,GR86-025-47,0,2025-09-06T18:42:26.143Z,GR86-025-47,47
,5,I_R06_2025-09-07,R1,kafka:gr-raw,2025-09-06T18:44:42.498Z,GR86-025-47,0,2025-09-06T18:44:41.462Z,GR86-025-47,47
,6,I_R06_2025-09-07,R1,kafka:gr-raw,2025-09-06T18:46:44.369Z,GR86-025-47,0,2025-09-06T18:46:42.884Z,GR86-025-47,47
,7,I_R06_2025-09-07,R1,kafka:gr-raw,2025-09-06T18:48:22.342Z,GR86-025-47,0,2025-09-06T18:48:21.678Z,GR86-025-47,47
,8,I_R06_2025-09-07,R1,kafka:gr-raw,2025-09-06T18:50:01.327Z,GR86-025-47,0,2025-09-06T18:49:59.995Z,GR86-025-47,47
,9,I_R06_2025-09-07,R1,kafka:gr-raw,2025-09-06T18:51:42.796Z,GR86-025-47,0,2025-09-06T18:51:38.571Z,GR86-025-47,47
,10,I_R06_2025-09-07,R1,kafka:gr-raw,2025-09-06T18:53:53.150Z,GR86-025-47,0,2025-09-06T18:53:16.787Z,GR86-025-47,47
,11,I_R06_2025-09-07,R1,kafka:gr-raw,2025-09-06T18:54:57.865Z,GR86-025-47,0,2025-09-06T18:54:56.402Z,GR86-025-47,47
,12,I_R06_2025-09-07,R1,kafka:gr-raw,2025-09-06T18:56:36.343Z,GR86-025-47,0,2025-09-06T18:56:35.462Z,GR86-025-47,47
,13,I_R06_2025-09-07,R1,kafka:gr-raw,2025-09-06T18:58:17.274Z,GR86-025-47,0,2025-09-06T18:58:14.376Z,GR86-025-47,47
,14,I_R06_2025-09-07,R1,kafka:gr-raw,2025-09-06T19:01:34.292Z,GR86-025-47,0,2025-09-06T19:01:31.474Z,GR86-025-47,47
,14,I_R06_2025-09-07,R1,kafka:gr-raw,2025-09-06T18:59:54.648Z,GR86-025-47,0,2025-09-06T18:59:52.862Z,GR86-025-47,47
,15,I_R06_2025-09-07,R1,kafka:gr-raw,2025-09-06T19:01:34.292Z,GR86-025-47,0,2025-09-06T19:01:31.528Z,GR86-025-47,47
,15,I_R06_2025-09-07,R1,kafka:gr-raw,2025-09-06T19:01:34.292Z,GR86-025-47,0,2025-09-06T19:01:31.472Z,GR86-025-47,47
,16,I_R06_2025-09-07,R1,kafka:gr-raw,2025-09-06T19:03:12.101Z,GR86-025-47,0,2025-09-06T19:03:09.964Z,GR86-025-47,47
,17,I_R06_2025-09-07,R1,kafka:gr-raw,2025-09-06T19:06:27.320Z,GR86-025-47,0,2025-09-06T19:06:27.145Z,GR86-025-47,47
,17,I_R06_2025-09-07,R1,kafka:gr-raw,2025-09-06T19:04:51.079Z,GR86-025-47,0,2025-09-06T19:04:48.902Z,GR86-025-47,47
,18,I_R06_2025-09-07,R1,kafka:gr-raw,2025-09-06T19:06:27.412Z,GR86-025-47,0,2025-09-06T19:06:27.213Z,GR86-025-47,47
,18,I_R06_2025-09-07,R1,kafka:gr-raw,2025-09-06T19:06:27.319Z,GR86-025-47,0,2025-09-06T19:06:27.144Z,GR86-025-47,47
,19,I_R06_2025-09-07,R1,kafka:gr-raw,2025-09-06T19:08:06.361Z,GR86-025-47,0,2025-09-06T19:08:05.786Z,GR86-025-47,47
,20,I_R06_2025-09-07,R1,kafka:gr-raw,2025-09-06T19:09:46.552Z,GR86-025-47,0,2025-09-06T19:09:44.289Z,GR86-025-47,47
,21,I_R06_2025-09-07,R1,kafka:gr-raw,2025-09-06T19:11:24.761Z,GR86-025-47,0,2025-09-06T19:11:22.757Z,GR86-025-47,47
,22,I_R06_2025-09-07,R1,kafka:gr-raw,2025-09-06T19:13:04.712Z,GR86-025-47,0,2025-09-06T19:13:01.296Z,GR86-025-47,47
,23,I_R06_2025-09-07,R1,kafka:gr-raw,2025-09-06T19:14:40.252Z,GR86-025-47,0,2025-09-06T19:14:39.700Z,GR86-025-47,47
,24,I_R06_2025-09-07,R1,kafka:gr-raw,2025-09-06T19:16:18.517Z,GR86-025-47,0,2025-09-06T19:16:18.161Z,GR86-025-47,47
,25,I_R06_2025-09-07,R1,kafka:gr-raw,2025-09-06T19:17:57.830Z,GR86-025-47,0,2025-09-06T19:17:56.615Z,GR86-025-47,47
,26,I_R06_2025-09-07,R1,kafka:gr-raw,2025-09-06T19:19:35.353Z,GR86-025-47,0,2025-09-06T19:19:34.971Z,GR86-025-47,47
,27,I_R06_2025-09-07,R1,kafka:gr-raw,2025-09-06T19:21:16.869Z,GR86-025-47,0,2025-09-06T19:21:13.989Z,GR86-025-47,47
,28,I_R06_2025-09-07,R1,kafka:gr-raw,2025-09-06T19:22:54.363Z,GR86-025-47,0,2025-09-06T19:22:52.475Z,GR86-025-47,47
,29,I_R06_2025-09-07,R1,kafka:gr-raw,2025-09-06T19:24:32.726Z,GR86-025-47,0,2025-09-06T19:24:32.206Z,GR86-025-47,47
,3,I_R06_2025-09-07,R1,kafka:gr-raw,2025-09-06T18:42:24.578Z,GR86-026-72,0,2025-09-06T18:42:24.072Z,GR86-026-72,72
,3,I_R06_2025-09-07,R1,kafka:gr-raw,2025-09-06T18:40:41.804Z,GR86-026-72,0,2025-09-06T18:40:41.388Z,GR86-026-72,72
,4,I_R06_2025-09-07,R1,kafka:gr-raw,2025-09-06T18:42:24.579Z,GR86-026-72,0,2025-09-06T18:42:24.124Z,GR86-026-72,72
,4,I_R06_2025-09-07,R1,kafka:gr-raw,2025-09-06T18:42:24.577Z,GR86-026-72,0,2025-09-06T18:42:24.070Z,GR86-026-72,72
,5,I_R06_2025-09-07,R1,kafka:gr-raw,2025-09-06T18:44:40.310Z,GR86-026-72,0,2025-09-06T18:44:38.872Z,GR86-026-72,72
,6,I_R06_2025-09-07,R1,kafka:gr-raw,2025-09-06T18:46:44.311Z,GR86-026-72,0,2025-09-06T18:46:42.077Z,GR86-026-72,72
,7,I_R06_2025-09-07,R1,kafka:gr-raw,2025-09-06T18:48:22.200Z,GR86-026-72,0,2025-09-06T18:48:20.468Z,GR86-026-72,72
,8,I_R06_2025-09-07,R1,kafka:gr-raw,2025-09-06T18:49:58.984Z,GR86-026-72,0,2025-09-06T18:49:58.491Z,GR86-026-72,72
,9,I_R06_2025-09-07,R1,kafka:gr-raw,2025-09-06T18:51:37.812Z,GR86-026-72,0,2025-09-06T18:51:36.298Z,GR86-026-72,72
,10,I_R06_2025-09-07,R1,kafka:gr-raw,2025-09-06T18:53:52.693Z,GR86-026-72,0,2025-09-06T18:53:14.066Z,GR86-026-72,72
,11,I_R06_2025-09-07,R1,kafka:gr-raw,2025-09-06T18:54:53.412Z,GR86-026-72,0,2025-09-06T18:54:52.171Z,GR86-026-72,72
,12,I_R06_2025-09-07,R1,kafka:gr-raw,2025-09-06T18:56:32.699Z,GR86-026-72,0,2025-09-06T18:56:30.302Z,GR86-026-72,72
,13,I_R06_2025-09-07,R1,kafka:gr-raw,2025-09-06T18:58:15.203Z,GR86-026-72,0,2025-09-06T18:58:08.563Z,GR86-026-72,72
,14,I_R06_2025-09-07,R1,kafka:gr-raw,2025-09-06T18:59:47.465Z,GR86-026-72,0,2025-09-06T18:59:46.981Z,GR86-026-72,72
,15,I_R06_2025-09-07,R1,kafka:gr-raw,2025-09-06T19:01:27.081Z,GR86-026-72,0,2025-09-06T19:01:25.366Z,GR86-026-72,72
,16,I_R06_2025-09-07,R1,kafka:gr-raw,2025-09-06T19:03:06.068Z,GR86-026-72,0,2025-09-06T19:03:04.071Z,GR86-026-72,72
,17,I_R06_2025-09-07,R1,kafka:gr-raw,2025-09-06T19:04:44.732Z,GR86-026-72,0,2025-09-06T19:04:43.373Z,GR86-026-72,72
,18,I_R06_2025-09-07,R1,kafka:gr-raw,2025-09-06T19:06:25.498Z,GR86-026-72,0,2025-09-06T19:06:22.393Z,GR86-026-72,72
,19,I_R06_2025-09-07,R1,kafka:gr-raw,2025-09-06T19:08:03.987Z,GR86-026-72,0,2025-09-06T19:08:00.687Z,GR86-026-72,72
,20,I_R06_2025-09-07,R1,kafka:gr-raw,2025-09-06T19:09:40.302Z,GR86-026-72,0,2025-09-06T19:09:39.178Z,GR86-026-72,72
,21,I_R06_2025-09-07,R1,kafka:gr-raw,2025-09-06T19:11:22.682Z,GR86-026-72,0,2025-09-06T19:11:17.607Z,GR86-026-72,72
,22,I_R06_2025-09-07,R1,kafka:gr-raw,2025-09-06T19:12:59.940Z,GR86-026-72,0,2025-09-06T19:12:56.552Z,GR86-026-72,72
,23,I_R06_2025-09-07,R1,kafka:gr-raw,2025-09-06T19:14:35.498Z,GR86-026-72,0,2025-09-06T19:14:35.067Z,GR86-026-72,72
,24,I_R06_2025-09-07,R1,kafka:gr-raw,2025-09-06T19:16:14.236Z,GR86-026-72,0,2025-09-06T19:16:13.886Z,GR86-026-72,72
,25,I_R06_2025-09-07,R1,kafka:gr-raw,2025-09-06T19:17:55.804Z,GR86-026-72,0,2025-09-06T19:17:52.549Z,GR86-026-72,72
,26,I_R06_2025-09-07,R1,kafka:gr-raw,2025-09-06T19:19:33.021Z,GR86-026-72,0,2025-09-06T19:19:31.371Z,GR86-026-72,72
,27,I_R06_2025-09-07,R1,kafka:gr-raw,2025-09-06T19:21:13.714Z,GR86-026-72,0,2025-09-06T19:21:10.366Z,GR86-026-72,72
,28,I_R06_2025-09-07,R1,kafka:gr-raw,2025-09-06T19:22:54.106Z,GR86-026-72,0,2025-09-06T19:22:49.380Z,GR86-026-72,72
,29,I_R06_2025-09-07,R1,kafka:gr-raw,2025-09-06T19:24:29.121Z,GR86-026-72,0,2025-09-06T19:24:28.172Z,GR86-026-72,72
,2,I_R06_2025-09-07,R1,kafka:gr-raw,2025-09-06T18:40:44.537Z,GR86-030-18,0,2025-09-06T18:40:43.845Z,GR86-030-18,18
,3,I_R06_2025-09-07,R1,kafka:gr-raw,2025-09-06T18:40:44.538Z,GR86-030-18,0,2025-09-06T18:40:43.846Z,GR86-030-18,18
,3,I_R06_2025-09-07,R1,kafka:gr-raw,2025-09-06T18:40:44.537Z,GR86-030-18,0,2025-09-06T18:40:43.844Z,GR86-030-18,18
,4,I_R06_2025-09-07,R1,kafka:gr-raw,2025-09-06T18:42:39.721Z,GR86-030-18,0,2025-09-06T18:42:39.504Z,GR86-030-18,18
,5,I_R06_2025-09-07,R1,kafka:gr-raw,2025-09-06T18:44:52.617Z,GR86-030-18,0,2025-09-06T18:44:51.860Z,GR86-030-18,18
,6,I_R06_2025-09-07,R1,kafka:gr-raw,2025-09-06T18:46:53.593Z,GR86-030-18,0,2025-09-06T18:46:49.176Z,GR86-030-18,18
,7,I_R06_2025-09-07,R1,kafka:gr-raw,2025-09-06T18:48:33.616Z,GR86-030-18,0,2025-09-06T18:48:32.769Z,GR86-030-18,18
,8,I_R06_2025-09-07,R1,kafka:gr-raw,2025-09-06T18:50:16.518Z,GR86-030-18,0,2025-09-06T18:50:16.194Z,GR86-030-18,18
,9,I_R06_2025-09-07,R1,kafka:gr-raw,2025-09-06T18:52:00.510Z,GR86-030-18,0,2025-09-06T18:51:59.424Z,GR86-030-18,18
,10,I_R06_2025-09-07,R1,kafka:gr-raw,2025-09-06T18:53:52.660Z,GR86-030-18,0,2025-09-06T18:53:41.600Z,GR86-030-18,18
,11,I_R06_2025-09-07,R1,kafka:gr-raw,2025-09-06T18:55:26.009Z,GR86-030-18,0,2025-09-06T18:55:25.066Z,GR86-030-18,18
,12,I_R06_2025-09-07,R1,kafka:gr-raw,2025-09-06T18:57:09.154Z,GR86-030-18,0,2025-09-06T18:57:07.780Z,GR86-030-18,18
,13,I_R06_2025-09-07,R1,kafka:gr-raw,2025-09-06T18:59:02.719Z,GR86-030-18,0,2025-09-06T18:58:50.753Z,GR86-030-18,18
,14,I_R06_2025-09-07,R1,kafka:gr-raw,2025-09-06T19:00:35.090Z,GR86-030-18,0,2025-09-06T19:00:32.462Z,GR86-030-18,18
,15,I_R06_2025-09-07,R1,kafka:gr-raw,2025-09-06T19:02:16.330Z,GR86-030-18,0,2025-09-06T19:02:14.598Z,GR86-030-18,18
,16,I_R06_2025-09-07,R1,kafka:gr-raw,2025-09-06T19:03:57.818Z,GR86-030-18,0,2025-09-06T19:03:56.682Z,GR86-030-18,18
,17,I_R06_2025-09-07,R1,kafka:gr-raw,2025-09-06T19:05:40.351Z,GR86-030-18,0,2025-09-06T19:05:39.379Z,GR86-030-18,18
,18,I_R06_2025-09-07,R1,kafka:gr-raw,2025-09-06T19:07:23.735Z,GR86-030-18,0,2025-09-06T19:07:22.180Z,GR86-030-18,18
,19,I_R06_2025-09-07,R1,kafka:gr-raw,2025-09-06T19:09:05.443Z,GR86-030-18,0,2025-09-06T19:09:05.290Z,GR86-030-18,18
,20,I_R06_2025-09-07,R1,kafka:gr-raw,2025-09-06T19:10:50.298Z,GR86-030-18,0,2025-09-06T19:10:47.855Z,GR86-030-18,18
,21,I_R06_2025-09-07,R1,kafka:gr-raw,2025-09-06T19:12:31.076Z,GR86-030-18,0,2025-09-06T19:12:29.391Z,GR86-030-18,18
,22,I_R06_2025-09-07,R1,kafka:gr-raw,2025-09-06T19:14:14.822Z,GR86-030-18,0,2025-09-06T19:14:10.759Z,GR86-030-18,18
,23,I_R06_2025-09-07,R1,kafka:gr-raw,2025-09-06T19:15:53.067Z,GR86-030-18,0,2025-09-06T19:15:52.387Z,GR86-030-18,18
,24,I_R06_2025-09-07,R1,kafka:gr-raw,2025-09-06T19:17:34.609Z,GR86-030-18,0,2025-09-06T19:17:34.474Z,GR86-030-18,18
,25,I_R06_2025-09-07,R1,kafka:gr-raw,2025-09-06T19:19:16.600Z,GR86-030-18,0,2025-09-06T19:19:16.490Z,GR86-030-18,18
,26,I_R06_2025-09-07,R1,kafka:gr-raw,2025-09-06T19:21:09.190Z,GR86-030-18,0,2025-09-06T19:20:59.897Z,GR86-030-18,18
,27,I_R06_2025-09-07,R1,kafka:gr-raw,2025-09-06T19:22:45.382Z,GR86-030-18,0,2025-09-06T19:22:42.071Z,GR86-030-18,18
,28,I_R06_2025-09-07,R1,kafka:gr-raw,2025-09-06T19:24:29.028Z,GR86-030-18,0,2025-09-06T19:24:25.830Z,GR86-030-18,18
,2,I_R06_2025-09-07,R1,kafka:gr-raw,2025-09-06T18:40:42.159Z,GR86-033-46,0,2025-09-06T18:40:41.962Z,GR86-033-46,46
,3,I_R06_2025-09-07,R1,kafka:gr-raw,2025-09-06T18:42:36.105Z,GR86-033-46,0,2025-09-06T18:42:30.869Z,GR86-033-46,46
,4,I_R06_2025-09-07,R1,kafka:gr-raw,2025-09-06T18:44:46.383Z,GR86-033-46,0,2025-09-06T18:44:45.486Z,GR86-033-46,46
,5,I_R06_2025-09-07,R1,kafka:gr-raw,2025-09-06T18:48:25.194Z,GR86-033-46,0,2025-09-06T18:48:23.968Z,GR86-033-46,46
,5,I_R06_2025-09-07,R1,kafka:gr-raw,2025-09-06T18:46:45.666Z,GR86-033-46,0,2025-09-06T18:46:44.503Z,GR86-033-46,46
,6,I_R06_2025-09-07,R1,kafka:gr-raw,2025-09-06T18:48:25.194Z,GR86-033-46,0,2025-09-06T18:48:24.011Z,GR86-033-46,46
,6,I_R06_2025-09-07,R1,kafka:gr-raw,2025-09-06T18:48:25.194Z,GR86-033-46,0,2025-09-06T18:48:23.966Z,GR86-033-46,46
,7,I_R06_2025-09-07,R1,kafka:gr-raw,2025-09-06T18:50:03.016Z,GR86-033-46,0,2025-09-06T18:50:02.397Z,GR86-033-46,46
,8,I_R06_2025-09-07,R1,kafka:gr-raw,2025-09-06T18:51:42.808Z,GR86-033-46,0,2025-09-06T18:51:41.097Z,GR86-033-46,46
,9,I_R06_2025-09-07,R1,kafka:gr-raw,2025-09-06T18:53:48.383Z,GR86-033-46,0,2025-09-06T18:53:19.870Z,GR86-033-46,46
,10,I_R06_2025-09-07,R1,kafka:gr-raw,2025-09-06T18:55:18.189Z,GR86-033-46,0,2025-09-06T18:55:17.179Z,GR86-033-46,46
,11,I_R06_2025-09-07,R1,kafka:gr-raw,2025-09-06T18:57:05.808Z,GR86-033-46,0,2025-09-06T18:57:04.992Z,GR86-033-46,46
,12,I_R06_2025-09-07,R1,kafka:gr-raw,2025-09-06T18:59:02.631Z,GR86-033-46,0,2025-09-06T18:58:44.367Z,GR86-033-46,46
,13,I_R06_2025-09-07,R1,kafka:gr-raw,2025-09-06T19:00:26.892Z,GR86-033-46,0,2025-09-06T19:00:22.929Z,GR86-033-46,46
,14,I_R06_2025-09-07,R1,kafka:gr-raw,2025-09-06T19:02:03.483Z,GR86-033-46,0,2025-09-06T19:02:01.464Z,GR86-033-46,46
,15,I_R06_2025-09-07,R1,kafka:gr-raw,2025-09-06T19:03:41.152Z,GR86-033-46,0,2025-09-06T19:03:40.393Z,GR86-033-46,46
,16,I_R06_2025-09-07,R1,kafka:gr-raw,2025-09-06T19:05:22.724Z,GR86-033-46,0,2025-09-06T19:05:18.581Z,GR86-033-46,46
,17,I_R06_2025-09-07,R1,kafka:gr-raw,2025-09-06T19:07:02.436Z,GR86-033-46,0,2025-09-06T19:06:59.108Z,GR86-033-46,46
,18,I_R06_2025-09-07,R1,kafka:gr-raw,2025-09-06T19:08:38.669Z,GR86-033-46,0,2025-09-06T19:08:37.850Z,GR86-033-46,46
,19,I_R06_2025-09-07,R1,kafka:gr-raw,2025-09-06T19:10:21.037Z,GR86-033-46,0,2025-09-06T19:10:16.698Z,GR86-033-46,46
,20,I_R06_2025-09-07,R1,kafka:gr-raw,2025-09-06T19:11:56.284Z,GR86-033-46,0,2025-09-06T19:11:55.717Z,GR86-033-46,46
,21,I_R06_2025-09-07,R1,kafka:gr-raw,2025-09-06T19:13:47.278Z,GR86-033-46,0,2025-09-06T19:13:34.659Z,GR86-033-46,46
,22,I_R06_2025-09-07,R1,kafka:gr-raw,2025-09-06T19:15:13.734Z,GR86-033-46,0,2025-09-06T19:15:13.392Z,GR86-033-46,46
,23,I_R06_2025-09-07,R1,kafka:gr-raw,2025-09-06T19:16:53.048Z,GR86-033-46,0,2025-09-06T19:16:52.422Z,GR86-033-46,46
,24,I_R06_2025-09-07,R1,kafka:gr-raw,2025-09-06T19:18:31.993Z,GR86-033-46,0,2025-09-06T19:18:31.321Z,GR86-033-46,46
,25,I_R06_2025-09-07,R1,kafka:gr-raw,2025-09-06T19:20:12.523Z,GR86-033-46,0,2025-09-06T19:20:10.323Z,GR86-033-46,46
,26,I_R06_2025-09-07,R1,kafka:gr-raw,2025-09-06T19:21:50.907Z,GR86-033-46,0,2025-09-06T19:21:49.773Z,GR86-033-46,46
,27,I_R06_2025-09-07,R1,kafka:gr-raw,2025-09-06T19:23:30.547Z,GR86-033-46,0,2025-09-06T19:23:29.137Z,GR86-033-46,46
,3,I_R06_2025-09-07,R1,kafka:gr-raw,2025-09-06T18:40:44.434Z,GR86-036-98,0,2025-09-06T18:40:41.989Z,GR86-036-98,98
,4,I_R06_2025-09-07,R1,kafka:gr-raw,2025-09-06T18:42:28.038Z,GR86-036-98,0,2025-09-06T18:42:26.882Z,GR86-036-98,98
,5,I_R06_2025-09-07,R1,kafka:gr-raw,2025-09-06T18:44:42.490Z,GR86-036-98,0,2025-09-06T18:44:41.861Z,GR86-036-98,98
,6,I_R06_2025-09-07,R1,kafka:gr-raw,2025-09-06T18:46:44.361Z,GR86-036-98,0,2025-09-06T18:46:42.977Z,GR86-036-98,98
,7,I_R06_2025-09-07,R1,kafka:gr-raw,2025-09-06T18:48:22.432Z,GR86-036-98,0,2025-09-06T18:48:22.300Z,GR86-036-98,98
,8,I_R06_2025-09-07,R1,kafka:gr-raw,2025-09-06T18:50:01.485Z,GR86-036-98,0,2025-09-06T18:50:01.274Z,GR86-036-98,98
,9,I_R06_2025-09-07,R1,kafka:gr-raw,2025-09-06T18:53:53.289Z,GR86-036-98,0,2025-09-06T18:53:17.875Z,GR86-036-98,98
,9,I_R06_2025-09-07,R1,kafka:gr-raw,2025-09-06T18:51:42.773Z,GR86-036-98,0,2025-09-06T18:51:39.723Z,GR86-036-98,98
,10,I_R06_2025-09-07,R1,kafka:gr-raw,2025-09-06T18:53:53.289Z,GR86-036-98,0,2025-09-06T18:53:17.878Z,GR86-036-98,98
,10,I_R06_2025-09-07,R1,kafka:gr-raw,2025-09-06T18:53:53.289Z,GR86-036-98,0,2025-09-06T18:53:17.873Z,GR86-036-98,98
,11,I_R06_2025-09-07,R1,kafka:gr-raw,2025-09-06T18:54:57.898Z,GR86-036-98,0,2025-09-06T18:54:56.291Z,GR86-036-98,98
,12,I_R06_2025-09-07,R1,kafka:gr-raw,2025-09-06T18:56:36.353Z,GR86-036-98,0,2025-09-06T18:56:35.789Z,GR86-036-98,98
,13,I_R06_2025-09-07,R1,kafka:gr-raw,2025-09-06T18:58:17.249Z,GR86-036-98,0,2025-09-06T18:58:14.597Z,GR86-036-98,98
,14,I_R06_2025-09-07,R1,kafka:gr-raw,2025-09-06T18:59:54.638Z,GR86-036-98,0,2025-09-06T18:59:53.383Z,GR86-036-98,98
,15,I_R06_2025-09-07,R1,kafka:gr-raw,2025-09-06T19:01:34.300Z,GR86-036-98,0,2025-09-06T19:01:31.965Z,GR86-036-98,98
,16,I_R06_2025-09-07,R1,kafka:gr-raw,2025-09-06T19:03:12.120Z,GR86-036-98,0,2025-09-06T19:03:10.772Z,GR86-036-98,98
,17,I_R06_2025-09-07,R1,kafka:gr-raw,2025-09-06T19:04:51.217Z,GR86-036-98,0,2025-09-06T19:04:48.985Z,GR86-036-98,98
,18,I_R06_2025-09-07,R1,kafka:gr-raw,2025-09-06T19:06:27.709Z,GR86-036-98,0,2025-09-06T19:06:27.497Z,GR86-036-98,98
,19,I_R06_2025-09-07,R1,kafka:gr-raw,2025-09-06T19:08:06.540Z,GR86-036-98,0,2025-09-06T19:08:06.306Z,GR86-036-98,98
,20,I_R06_2025-09-07,R1,kafka:gr-raw,2025-09-06T19:09:46.550Z,GR86-036-98,0,2025-09-06T19:09:45.209Z,GR86-036-98,98
,21,I_R06_2025-09-07,R1,kafka:gr-raw,2025-09-06T19:11:24.838Z,GR86-036-98,0,2025-09-06T19:11:23.693Z,GR86-036-98,98
,22,I_R06_2025-09-07,R1,kafka:gr-raw,2025-09-06T19:13:48.745Z,GR86-036-98,0,2025-09-06T19:13:36.860Z,GR86-036-98,98
,23,I_R06_2025-09-07,R1,kafka:gr-raw,2025-09-06T19:14:44.277Z,GR86-036-98,0,2025-09-06T19:14:40.466Z,GR86-036-98,98
,24,I_R06_2025-09-07,R1,kafka:gr-raw,2025-09-06T19:16:19.931Z,GR86-036-98,0,2025-09-06T19:16:18.908Z,GR86-036-98,98
,25,I_R06_2025-09-07,R1,kafka:gr-raw,2025-09-06T19:17:57.805Z,GR86-036-98,0,2025-09-06T19:17:57.454Z,GR86-036-98,98
,26,I_R06_2025-09-07,R1,kafka:gr-raw,2025-09-06T19:19:40.238Z,GR86-036-98,0,2025-09-06T19:19:36.289Z,GR86-036-98,98
,27,I_R06_2025-09-07,R1,kafka:gr-raw,2025-09-06T19:21:16.895Z,GR86-036-98,0,2025-09-06T19:21:14.881Z,GR86-036-98,98
,28,I_R06_2025-09-07,R1,kafka:gr-raw,2025-09-06T19:22:54.357Z,GR86-036-98,0,2025-09-06T19:22:53.498Z,GR86-036-98,98
,29,I_R06_2025-09-07,R1,kafka:gr-raw,2025-09-06T19:24:32.773Z,GR86-036-98,0,2025-09-06T19:24:32.407Z,GR86-036-98,98
,2,I_R06_2025-09-07,R1,kafka:gr-raw,2025-09-06T18:40:49.995Z,GR86-038-93,0,2025-09-06T18:40:43.229Z,GR86-038-93,93
,3,I_R06_2025-09-07,R1,kafka:gr-raw,2025-09-06T18:42:36.248Z,GR86-038-93,0,2025-09-06T18:42:34.292Z,GR86-038-93,93
,4,I_R06_2025-09-07,R1,kafka:gr-raw,2025-09-06T18:44:50.164Z,GR86-038-93,0,2025-09-06T18:44:48.492Z,GR86-038-93,93
,5,I_R06_2025-09-07,R1,kafka:gr-raw,2025-09-06T18:46:47.573Z,GR86-038-93,0,2025-09-06T18:46:46.806Z,GR86-038-93,93
,6,I_R06_2025-09-07,R1,kafka:gr-raw,2025-09-06T18:48:30.249Z,GR86-038-93,0,2025-09-06T18:48:27.715Z,GR86-038-93,93
,7,I_R06_2025-09-07,R1,kafka:gr-raw,2025-09-06T18:50:08.833Z,GR86-038-93,0,2025-09-06T18:50:07.508Z,GR86-038-93,93
,8,I_R06_2025-09-07,R1,kafka:gr-raw,2025-09-06T18:51:49.215Z,GR86-038-93,0,2025-09-06T18:51:46.780Z,GR86-038-93,93
,9,I_R06_2025-09-07,R1,kafka:gr-raw,2025-09-06T18:53:53.279Z,GR86-038-93,0,2025-09-06T18:53:26.317Z,GR86-038-93,93
,10,I_R06_2025-09-07,R1,kafka:gr-raw,2025-09-06T18:55:07.815Z,GR86-038-93,0,2025-09-06T18:55:05.967Z,GR86-038-93,93
,11,I_R06_2025-09-07,R1,kafka:gr-raw,2025-09-06T18:56:46.220Z,GR86-038-93,0,2025-09-06T18:56:45.857Z,GR86-038-93,93
,12,I_R06_2025-09-07,R1,kafka:gr-raw,2025-09-06T18:58:26.366Z,GR86-038-93,0,2025-09-06T18:58:25.585Z,GR86-038-93,93
,13,I_R06_2025-09-07,R1,kafka:gr-raw,2025-09-06T19:00:05.967Z,GR86-038-93,0,2025-09-06T19:00:05.403Z,GR86-038-93,93
,14,I_R06_2025-09-07,R1,kafka:gr-raw,2025-09-06T19:01:47.438Z,GR86-038-93,0,2025-09-06T19:01:45.571Z,GR86-038-93,93
,15,I_R06_2025-09-07,R1,kafka:gr-raw,2025-09-06T19:03:27.313Z,GR86-038-93,0,2025-09-06T19:03:25.686Z,GR86-038-93,93
,16,I_R06_2025-09-07,R1,kafka:gr-raw,2025-09-06T19:05:07.430Z,GR86-038-93,0,2025-09-06T19:05:05.488Z,GR86-038-93,93
,17,I_R06_2025-09-07,R1,kafka:gr-raw,2025-09-06T19:06:56.959Z,GR86-038-93,0,2025-09-06T19:06:45.390Z,GR86-038-93,93
,18,I_R06_2025-09-07,R1,kafka:gr-raw,2025-09-06T19:08:29.722Z,GR86-038-93,0,2025-09-06T19:08:27.009Z,GR86-038-93,93
,19,I_R06_2025-09-07,R1,kafka:gr-raw,2025-09-06T19:10:09.182Z,GR86-038-93,0,2025-09-06T19:10:07.070Z,GR86-038-93,93
,20,I_R06_2025-09-07,R1,kafka:gr-raw,2025-09-06T19:11:47.373Z,GR86-038-93,0,2025-09-06T19:11:47.226Z,GR86-038-93,93
,21,I_R06_2025-09-07,R1,kafka:gr-raw,2025-09-06T19:13:47.806Z,GR86-038-93,0,2025-09-06T19:13:26.994Z,GR86-038-93,93
,22,I_R06_2025-09-07,R1,kafka:gr-raw,2025-09-06T19:15:07.942Z,GR86-038-93,0,2025-09-06T19:15:07.372Z,GR86-038-93,93
,23,I_R06_2025-09-07,R1,kafka:gr-raw,2025-09-06T19:16:53.549Z,GR86-038-93,0,2025-09-06T19:16:48.233Z,GR86-038-93,93
,24,I_R06_2025-09-07,R1,kafka:gr-raw,2025-09-06T19:18:30.021Z,GR86-038-93,0,2025-09-06T19:18:27.985Z,GR86-038-93,93
,25,I_R06_2025-09-07,R1,kafka:gr-raw,2025-09-06T19:20:08.317Z,GR86-038-93,0,2025-09-06T19:20:08.091Z,GR86-038-93,93
,26,I_R06_2025-09-07,R1,kafka:gr-raw,2025-09-06T19:21:49.308Z,GR86-038-93,0,2025-09-06T19:21:48.690Z,GR86-038-93,93
,27,I_R06_2025-09-07,R1,kafka:gr-raw,2025-09-06T19:23:30.496Z,GR86-038-93,0,2025-09-06T19:23:28.574Z,GR86-038-93,93
,3,I_R06_2025-09-07,R1,kafka:gr-raw,2025-09-06T18:40:49.976Z,GR86-040-3,0,2025-09-06T18:40:42.994Z,GR86-040-3,3
,4,I_R06_2025-09-07,R1,kafka:gr-raw,2025-09-06T18:42:36.385Z,GR86-040-3,0,2025-09-06T18:42:35.483Z,GR86-040-3,3
,5,I_R06_2025-09-07,R1,kafka:gr-raw,2025-09-06T18:44:50.253Z,GR86-040-3,0,2025-09-06T18:44:49.119Z,GR86-040-3,3
,6,I_R06_2025-09-07,R1,kafka:gr-raw,2025-09-06T18:46:47.664Z,GR86-040-3,0,2025-09-06T18:46:47.219Z,GR86-040-3,3
,7,I_R06_2025-09-07,R1,kafka:gr-raw,2025-09-06T18:48:30.049Z,GR86-040-3,0,2025-09-06T18:48:28.088Z,GR86-040-3,3
,8,I_R06_2025-09-07,R1,kafka:gr-raw,2025-09-06T18:50:08.824Z,GR86-040-3,0,2025-09-06T18:50:07.791Z,GR86-040-3,3
,9,I_R06_2025-09-07,R1,kafka:gr-raw,2025-09-06T18:51:49.249Z,GR86-040-3,0,2025-09-06T18:51:48.096Z,GR86-040-3,3
,10,I_R06_2025-09-07,R1,kafka:gr-raw,2025-09-06T18:55:07.798Z,GR86-040-3,0,2025-09-06T18:55:07.382Z,GR86-040-3,3
,10,I_R06_2025-09-07,R1,kafka:gr-raw,2025-09-06T18:53:53.616Z,GR86-040-3,0,2025-09-06T18:53:27.510Z,GR86-040-3,3
,11,I_R06_2025-09-07,R1,kafka:gr-raw,2025-09-06T18:55:07.799Z,GR86-040-3,0,2025-09-06T18:55:07.420Z,GR86-040-3,3
,11,I_R06_2025-09-07,R1,kafka:gr-raw,2025-09-06T18:55:07.797Z,GR86-040-3,0,2025-09-06T18:55:07.380Z,GR86-040-3,3
,12,I_R06_2025-09-07,R1,kafka:gr-raw,2025-09-06T18:56:48.337Z,GR86-040-3,0,2025-09-06T18:56:46.474Z,GR86-040-3,3
,13,I_R06_2025-09-07,R1,kafka:gr-raw,2025-09-06T18:58:26.274Z,GR86-040-3,0,2025-09-06T18:58:25.806Z,GR86-040-3,3
,14,I_R06_2025-09-07,R1,kafka:gr-raw,2025-09-06T19:00:06.107Z,GR86-040-3,0,2025-09-06T19:00:05.777Z,GR86-040-3,3
,15,I_R06_2025-09-07,R1,kafka:gr-raw,2025-09-06T19:01:47.417Z,GR86-040-3,0,2025-09-06T19:01:45.860Z,GR86-040-3,3
,16,I_R06_2025-09-07,R1,kafka:gr-raw,2025-09-06T19:03:27.288Z,GR86-040-3,0,2025-09-06T19:03:26.067Z,GR86-040-3,3
,17,I_R06_2025-09-07,R1,kafka:gr-raw,2025-09-06T19:05:07.349Z,GR86-040-3,0,2025-09-06T19:05:05.914Z,GR86-040-3,3
,18,I_R06_2025-09-07,R1,kafka:gr-raw,2025-09-06T19:06:56.867Z,GR86-040-3,0,2025-09-06T19:06:45.573Z,GR86-040-3,3
,19,I_R06_2025-09-07,R1,kafka:gr-raw,2025-09-06T19:08:26.223Z,GR86-040-3,0,2025-09-06T19:08:25.788Z,GR86-040-3,3
,20,I_R06_2025-09-07,R1,kafka:gr-raw,2025-09-06T19:11:47.123Z,GR86-040-3,0,2025-09-06T19:11:45.673Z,GR86-040-3,3
,20,I_R06_2025-09-07,R1,kafka:gr-raw,2025-09-06T19:10:09.079Z,GR86-040-3,0,2025-09-06T19:10:06.103Z,GR86-040-3,3
,21,I_R06_2025-09-07,R1,kafka:gr-raw,2025-09-06T19:11:47.124Z,GR86-040-3,0,2025-09-06T19:11:45.721Z,GR86-040-3,3
,21,I_R06_2025-09-07,R1,kafka:gr-raw,2025-09-06T19:11:47.123Z,GR86-040-3,0,2025-09-06T19:11:45.671Z,GR86-040-3,3
,22,I_R06_2025-09-07,R1,kafka:gr-raw,2025-09-06T19:15:05.903Z,GR86-040-3,0,2025-09-06T19:15:05.051Z,GR86-040-3,3
,22,I_R06_2025-09-07,R1,kafka:gr-raw,2025-09-06T19:13:47.847Z,GR86-040-3,0,2025-09-06T19:13:25.521Z,GR86-040-3,3
,23,I_R06_2025-09-07,R1,kafka:gr-raw,2025-09-06T19:15:05.903Z,GR86-040-3,0,2025-09-06T19:15:05.064Z,GR86-040-3,3
,23,I_R06_2025-09-07,R1,kafka:gr-raw,2025-09-06T19:15:05.903Z,GR86-040-3,0,2025-09-06T19:15:05.046Z,GR86-040-3,3
,24,I_R06_2025-09-07,R1,kafka:gr-raw,2025-09-06T19:16:53.300Z,GR86-040-3,0,2025-09-06T19:16:44.785Z,GR86-040-3,3
,25,I_R06_2025-09-07,R1,kafka:gr-raw,2025-09-06T19:18:26.084Z,GR86-040-3,0,2025-09-06T19:18:24.784Z,GR86-040-3,3
,26,I_R06_2025-09-07,R1,kafka:gr-raw,2025-09-06T19:20:06.644Z,GR86-040-3,0,2025-09-06T19:20:04.999Z,GR86-040-3,3
,27,I_R06_2025-09-07,R1,kafka:gr-raw,2025-09-06T19:21:45.395Z,GR86-040-3,0,2025-09-06T19:21:45.095Z,GR86-040-3,3
,28,I_R06_2025-09-07,R1,kafka:gr-raw,2025-09-06T19:23:26.836Z,GR86-040-3,0,2025-09-06T19:23:25.164Z,GR86-040-3,3
,3,I_R06_2025-09-07,R1,kafka:gr-raw,2025-09-06T18:40:50.036Z,GR86-047-21,0,2025-09-06T18:40:42.583Z,GR86-047-21,21
,4,I_R06_2025-09-07,R1,kafka:gr-raw,2025-09-06T18:42:36.044Z,GR86-047-21,0,2025-09-06T18:42:32.878Z,GR86-047-21,21
,5,I_R06_2025-09-07,R1,kafka:gr-raw,2025-09-06T18:44:48.422Z,GR86-047-21,0,2025-09-06T18:44:46.978Z,GR86-047-21,21
,6,I_R06_2025-09-07,R1,kafka:gr-raw,2025-09-06T18:46:45.837Z,GR86-047-21,0,2025-09-06T18:46:45.584Z,GR86-047-21,21
,7,I_R06_2025-09-07,R1,kafka:gr-raw,2025-09-06T18:48:25.633Z,GR86-047-21,0,2025-09-06T18:48:25.483Z,GR86-047-21,21
,8,I_R06_2025-09-07,R1,kafka:gr-raw,2025-09-06T18:50:05.233Z,GR86-047-21,0,2025-09-06T18:50:04.785Z,GR86-047-21,21
,9,I_R06_2025-09-07,R1,kafka:gr-raw,2025-09-06T18:51:44.618Z,GR86-047-21,0,2025-09-06T18:51:44.370Z,GR86-047-21,21
,10,I_R06_2025-09-07,R1,kafka:gr-raw,2025-09-06T18:53:53.087Z,GR86-047-21,0,2025-09-06T18:53:23.784Z,GR86-047-21,21
,11,I_R06_2025-09-07,R1,kafka:gr-raw,2025-09-06T18:56:42.999Z,GR86-047-21,0,2025-09-06T18:56:42.703Z,GR86-047-21,21
,11,I_R06_2025-09-07,R1,kafka:gr-raw,2025-09-06T18:55:04.974Z,GR86-047-21,0,2025-09-06T18:55:02.759Z,GR86-047-21,21
,12,I_R06_2025-09-07,R1,kafka:gr-raw,2025-09-06T18:56:42.999Z,GR86-047-21,0,2025-09-06T18:56:42.704Z,GR86-047-21,21
,12,I_R06_2025-09-07,R1,kafka:gr-raw,2025-09-06T18:56:42.997Z,GR86-047-21,0,2025-09-06T18:56:42.698Z,GR86-047-21,21
,13,I_R06_2025-09-07,R1,kafka:gr-raw,2025-09-06T18:58:22.721Z,GR86-047-21,0,2025-09-06T18:58:22.137Z,GR86-047-21,21
,14,I_R06_2025-09-07,R1,kafka:gr-raw,2025-09-06T19:00:05.738Z,GR86-047-21,0,2025-09-06T19:00:01.698Z,GR86-047-21,21
,15,I_R06_2025-09-07,R1,kafka:gr-raw,2025-09-06T19:01:41.334Z,GR86-047-21,0,2025-09-06T19:01:40.978Z,GR86-047-21,21
,16,I_R06_2025-09-07,R1,kafka:gr-raw,2025-09-06T19:03:20.740Z,GR86-047-21,0,2025-09-06T19:03:20.540Z,GR86-047-21,21
,17,I_R06_2025-09-07,R1,kafka:gr-raw,2025-09-06T19:05:05.203Z,GR86-047-21,0,2025-09-06T19:05:01.880Z,GR86-047-21,21
,18,I_R06_2025-09-07,R1,kafka:gr-raw,2025-09-06T19:06:43.702Z,GR86-047-21,0,2025-09-06T19:06:43.120Z,GR86-047-21,21
,19,I_R06_2025-09-07,R1,kafka:gr-raw,2025-09-06T19:08:22.366Z,GR86-047-21,0,2025-09-06T19:08:21.903Z,GR86-047-21,21
,20,I_R06_2025-09-07,R1,kafka:gr-raw,2025-09-06T19:10:02.412Z,GR86-047-21,0,2025-09-06T19:10:01.180Z,GR86-047-21,21
,21,I_R06_2025-09-07,R1,kafka:gr-raw,2025-09-06T19:11:43.664Z,GR86-047-21,0,2025-09-06T19:11:40.273Z,GR86-047-21,21
,22,I_R06_2025-09-07,R1,kafka:gr-raw,2025-09-06T19:13:47.169Z,GR86-047-21,0,2025-09-06T19:13:19.381Z,GR86-047-21,21
,23,I_R06_2025-09-07,R1,kafka:gr-raw,2025-09-06T19:14:59.063Z,GR86-047-21,0,2025-09-06T19:14:58.267Z,GR86-047-21,21
,24,I_R06_2025-09-07,R1,kafka:gr-raw,2025-09-06T19:16:52.974Z,GR86-047-21,0,2025-09-06T19:16:37.098Z,GR86-047-21,21
,25,I_R06_2025-09-07,R1,kafka:gr-raw,2025-09-06T19:18:17.653Z,GR86-047-21,0,2025-09-06T19:18:16.462Z,GR86-047-21,21
,26,I_R06_2025-09-07,R1,kafka:gr-raw,2025-09-06T19:19:56.318Z,GR86-047-21,0,2025-09-06T19:19:55.566Z,GR86-047-21,21
,27,I_R06_2025-09-07,R1,kafka:gr-raw,2025-09-06T19:21:35.102Z,GR86-047-21,0,2025-09-06T19:21:34.859Z,GR86-047-21,21
,28,I_R06_2025-09-07,R1,kafka:gr-raw,2025-09-06T19:23:16.830Z,GR86-047-21,0,2025-09-06T19:23:14.290Z,GR86-047-21,21
,29,I_R06_2025-09-07,R1,kafka:gr-raw,2025-09-06T19:24:55.406Z,GR86-047-21,0,2025-09-06T19:24:53.369Z,GR86-047-21,21
,2,I_R06_2025-09-07,R1,kafka:gr-raw,2025-09-06T18:40:50.071Z,GR86-049-88,0,2025-09-06T18:40:42.737Z,GR86-049-88,88
,3,I_R06_2025-09-07,R1,kafka:gr-raw,2025-09-06T18:42:39.601Z,GR86-049-88,0,2025-09-06T18:42:38.388Z,GR86-049-88,88
,4,I_R06_2025-09-07,R1,kafka:gr-raw,2025-09-06T18:44:52.698Z,GR86-049-88,0,2025-09-06T18:44:51.369Z,GR86-049-88,88
,5,I_R06_2025-09-07,R1,kafka:gr-raw,2025-09-06T18:46:53.861Z,GR86-049-88,0,2025-09-06T18:46:48.549Z,GR86-049-88,88
,6,I_R06_2025-09-07,R1,kafka:gr-raw,2025-09-06T18:48:31.879Z,GR86-049-88,0,2025-09-06T18:48:30.737Z,GR86-049-88,88
,7,I_R06_2025-09-07,R1,kafka:gr-raw,2025-09-06T18:50:11.230Z,GR86-049-88,0,2025-09-06T18:50:10.159Z,GR86-049-88,88
,8,I_R06_2025-09-07,R1,kafka:gr-raw,2025-09-06T18:51:50.620Z,GR86-049-88,0,2025-09-06T18:51:49.323Z,GR86-049-88,88
,9,I_R06_2025-09-07,R1,kafka:gr-raw,2025-09-06T18:53:53.701Z,GR86-049-88,0,2025-09-06T18:53:28.187Z,GR86-049-88,88
,10,I_R06_2025-09-07,R1,kafka:gr-raw,2025-09-06T18:55:09.237Z,GR86-049-88,0,2025-09-06T18:55:08.155Z,GR86-049-88,88
,11,I_R06_2025-09-07,R1,kafka:gr-raw,2025-09-06T18:56:48.431Z,GR86-049-88,0,2025-09-06T18:56:47.761Z,GR86-049-88,88
,12,I_R06_2025-09-07,R1,kafka:gr-raw,2025-09-06T18:58:28.493Z,GR86-049-88,0,2025-09-06T18:58:28.142Z,GR86-049-88,88
,13,I_R06_2025-09-07,R1,kafka:gr-raw,2025-09-06T19:00:09.913Z,GR86-049-88,0,2025-09-06T19:00:08.149Z,GR86-049-88,88
,14,I_R06_2025-09-07,R1,kafka:gr-raw,2025-09-06T19:01:49.682Z,GR86-049-88,0,2025-09-06T19:01:48.162Z,GR86-049-88,88
,3,I_R06_2025-09-07,R1,kafka:gr-raw,2025-09-06T18:40:49.979Z,GR86-060-2,0,2025-09-06T18:40:42.263Z,GR86-060-2,2
,4,I_R06_2025-09-07,R1,kafka:gr-raw,2025-09-06T18:42:35.986Z,GR86-060-2,0,2025-09-06T18:42:29.955Z,GR86-060-2,2
,5,I_R06_2025-09-07,R1,kafka:gr-raw,2025-09-06T18:44:48.384Z,GR86-060-2,0,2025-09-06T18:44:44.724Z,GR86-060-2,2
,6,I_R06_2025-09-07,R1,kafka:gr-raw,2025-09-06T18:46:45.688Z,GR86-060-2,0,2025-09-06T18:46:44.272Z,GR86-060-2,2
,7,I_R06_2025-09-07,R1,kafka:gr-raw,2025-09-06T18:48:25.312Z,GR86-060-2,0,2025-09-06T18:48:25.133Z,GR86-060-2,2
,8,I_R06_2025-09-07,R1,kafka:gr-raw,2025-09-06T18:50:05.354Z,GR86-060-2,0,2025-09-06T18:50:04.468Z,GR86-060-2,2
,9,I_R06_2025-09-07,R1,kafka:gr-raw,2025-09-06T18:51:44.686Z,GR86-060-2,0,2025-09-06T18:51:43.941Z,GR86-060-2,2
,10,I_R06_2025-09-07,R1,kafka:gr-raw,2025-09-06T18:53:53.398Z,GR86-060-2,0,2025-09-06T18:53:23.085Z,GR86-060-2,2
,11,I_R06_2025-09-07,R1,kafka:gr-raw,2025-09-06T18:55:04.953Z,GR86-060-2,0,2025-09-06T18:55:02.369Z,GR86-060-2,2
,12,I_R06_2025-09-07,R1,kafka:gr-raw,2025-09-06T18:56:42.894Z,GR86-060-2,0,2025-09-06T18:56:41.469Z,GR86-060-2,2
,13,I_R06_2025-09-07,R1,kafka:gr-raw,2025-09-06T18:58:22.789Z,GR86-060-2,0,2025-09-06T18:58:20.682Z,GR86-060-2,2
,14,I_R06_2025-09-07,R1,kafka:gr-raw,2025-09-06T19:00:05.728Z,GR86-060-2,0,2025-09-06T19:00:00.693Z,GR86-060-2,2
,15,I_R06_2025-09-07,R1,kafka:gr-raw,2025-09-06T19:01:41.267Z,GR86-060-2,0,2025-09-06T19:01:40.062Z,GR86-060-2,2
,16,I_R06_2025-09-07,R1,kafka:gr-raw,2025-09-06T19:03:20.626Z,GR86-060-2,0,2025-09-06T19:03:19.332Z,GR86-060-2,2
,17,I_R06_2025-09-07,R1,kafka:gr-raw,2025-09-06T19:04:59.954Z,GR86-060-2,0,2025-09-06T19:04:58.959Z,GR86-060-2,2
,18,I_R06_2025-09-07,R1,kafka:gr-raw,2025-09-06T19:06:39.709Z,GR86-060-2,0,2025-09-06T19:06:38.677Z,GR86-060-2,2
,19,I_R06_2025-09-07,R1,kafka:gr-raw,2025-09-06T19:08:22.125Z,GR86-060-2,0,2025-09-06T19:08:18.334Z,GR86-060-2,2
,20,I_R06_2025-09-07,R1,kafka:gr-raw,2025-09-06T19:10:00.837Z,GR86-060-2,0,2025-09-06T19:10:00.178Z,GR86-060-2,2
,21,I_R06_2025-09-07,R1,kafka:gr-raw,2025-09-06T19:11:43.569Z,GR86-060-2,0,2025-09-06T19:11:39.752Z,GR86-060-2,2
,22,I_R06_2025-09-07,R1,kafka:gr-raw,2025-09-06T19:13:47.492Z,GR86-060-2,0,2025-09-06T19:13:18.980Z,GR86-060-2,2
,23,I_R06_2025-09-07,R1,kafka:gr-raw,2025-09-06T19:14:58.988Z,GR86-060-2,0,2025-09-06T19:14:58.659Z,GR86-060-2,2
,24,I_R06_2025-09-07,R1,kafka:gr-raw,2025-09-06T19:16:52.905Z,GR86-060-2,0,2025-09-06T19:16:37.940Z,GR86-060-2,2
,25,I_R06_2025-09-07,R1,kafka:gr-raw,2025-09-06T19:18:17.644Z,GR86-060-2,0,2025-09-06T19:18:16.961Z,GR86-060-2,2
,26,I_R06_2025-09-07,R1,kafka:gr-raw,2025-09-06T19:19:57.801Z,GR86-060-2,0,2025-09-06T19:19:56.469Z,GR86-060-2,2
,27,I_R06_2025-09-07,R1,kafka:gr-raw,2025-09-06T19:21:37.950Z,GR86-060-2,0,2025-09-06T19:21:35.380Z,GR86-060-2,2
,28,I_R06_2025-09-07,R1,kafka:gr-raw,2025-09-06T19:23:16.903Z,GR86-060-2,0,2025-09-06T19:23:14.670Z,GR86-060-2,2
,29,I_R06_2025-09-07,R1,kafka:gr-raw,2025-09-06T19:24:55.620Z,GR86-060-2,0,2025-09-06T19:24:53.880Z,GR86-060-2,2
,3,I_R06_2025-09-07,R1,kafka:gr-raw,2025-09-06T18:40:50.003Z,GR86-063-113,0,2025-09-06T18:40:42.357Z,GR86-063-113,113
,4,I_R06_2025-09-07,R1,kafka:gr-raw,2025-09-06T18:42:36.032Z,GR86-063-113,0,2025-09-06T18:42:31.942Z,GR86-063-113,113
,5,I_R06_2025-09-07,R1,kafka:gr-raw,2025-09-06T18:44:48.399Z,GR86-063-113,0,2025-09-06T18:44:46.359Z,GR86-063-113,113
,6,I_R06_2025-09-07,R1,kafka:gr-raw,2025-09-06T18:46:45.575Z,GR86-063-113,0,2025-09-06T18:46:44.965Z,GR86-063-113,113
,7,I_R06_2025-09-07,R1,kafka:gr-raw,2025-09-06T18:48:30.111Z,GR86-063-113,0,2025-09-06T18:48:25.747Z,GR86-063-113,113
,8,I_R06_2025-09-07,R1,kafka:gr-raw,2025-09-06T18:50:58.125Z,GR86-063-113,0,2025-09-06T18:50:56.143Z,GR86-063-113,113
,9,I_R06_2025-09-07,R1,kafka:gr-raw,2025-09-06T18:51:44.608Z,GR86-063-113,0,2025-09-06T18:51:44.346Z,GR86-063-113,113
,10,I_R06_2025-09-07,R1,kafka:gr-raw,2025-09-06T18:53:53.076Z,GR86-063-113,0,2025-09-06T18:53:23.925Z,GR86-063-113,113
,11,I_R06_2025-09-07,R1,kafka:gr-raw,2025-09-06T18:55:04.961Z,GR86-063-113,0,2025-09-06T18:55:03.176Z,GR86-063-113,113
,12,I_R06_2025-09-07,R1,kafka:gr-raw,2025-09-06T18:56:44.429Z,GR86-063-113,0,2025-09-06T18:56:42.953Z,GR86-063-113,113
,13,I_R06_2025-09-07,R1,kafka:gr-raw,2025-09-06T18:58:22.683Z,GR86-063-113,0,2025-09-06T18:58:22.140Z,GR86-063-113,113
,14,I_R06_2025-09-07,R1,kafka:gr-raw,2025-09-06T19:00:05.760Z,GR86-063-113,0,2025-09-06T19:00:02.294Z,GR86-063-113,113
,15,I_R06_2025-09-07,R1,kafka:gr-raw,2025-09-06T19:01:47.297Z,GR86-063-113,0,2025-09-06T19:01:41.487Z,GR86-063-113,113
,16,I_R06_2025-09-07,R1,kafka:gr-raw,2025-09-06T19:03:20.734Z,GR86-063-113,0,2025-09-06T19:03:20.542Z,GR86-063-113,113
,17,I_R06_2025-09-07,R1,kafka:gr-raw,2025-09-06T19:04:59.861Z,GR86-063-113,0,2025-09-06T19:04:59.562Z,GR86-063-113,113
,18,I_R06_2025-09-07,R1,kafka:gr-raw,2025-09-06T19:06:39.722Z,GR86-063-113,0,2025-09-06T19:06:38.892Z,GR86-063-113,113
,19,I_R06_2025-09-07,R1,kafka:gr-raw,2025-09-06T19:08:22.187Z,GR86-063-113,0,2025-09-06T19:08:18.644Z,GR86-063-113,113
,20,I_R06_2025-09-07,R1,kafka:gr-raw,2025-09-06T19:10:00.714Z,GR86-063-113,0,2025-09-06T19:09:59.845Z,GR86-063-113,113
,21,I_R06_2025-09-07,R1,kafka:gr-raw,2025-09-06T19:11:43.580Z,GR86-063-113,0,2025-09-06T19:11:39.349Z,GR86-063-113,113
,22,I_R06_2025-09-07,R1,kafka:gr-raw,2025-09-06T19:13:47.158Z,GR86-063-113,0,2025-09-06T19:13:18.490Z,GR86-063-113,113
,23,I_R06_2025-09-07,R1,kafka:gr-raw,2025-09-06T19:14:59.067Z,GR86-063-113,0,2025-09-06T19:14:57.686Z,GR86-063-113,113
,24,I_R06_2025-09-07,R1,kafka:gr-raw,2025-09-06T19:16:52.980Z,GR86-063-113,0,2025-09-06T19:16:37.092Z,GR86-063-113,113
,25,I_R06_2025-09-07,R1,kafka:gr-raw,2025-09-06T19:18:16.326Z,GR86-063-113,0,2025-09-06T19:18:16.058Z,GR86-063-113,113
,26,I_R06_2025-09-07,R1,kafka:gr-raw,2025-09-06T19:19:56.324Z,GR86-063-113,0,2025-09-06T19:19:55.255Z,GR86-063-113,113
,27,I_R06_2025-09-07,R1,kafka:gr-raw,2025-09-06T19:21:34.887Z,GR86-063-113,0,2025-09-06T19:21:34.564Z,GR86-063-113,113
,28,I_R06_2025-09-07,R1,kafka:gr-raw,2025-09-06T19:23:16.770Z,GR86-063-113,0,2025-09-06T19:23:13.739Z,GR86-063-113,113
,29,I_R06_2025-09-07,R1,kafka:gr-raw,2025-09-06T19:24:55.431Z,GR86-063-113,0,2025-09-06T19:24:52.938Z,GR86-063-113,113
,3,I_R06_2025-09-07,R1,kafka:gr-raw,2025-09-06T18:40:44.532Z,GR86-065-5,0,2025-09-06T18:40:42.675Z,GR86-065-5,5
,4,I_R06_2025-09-07,R1,kafka:gr-raw,2025-09-06T18:42:37.669Z,GR86-065-5,0,2025-09-06T18:42:36.754Z,GR86-065-5,5
,5,I_R06_2025-09-07,R1,kafka:gr-raw,2025-09-06T18:44:50.349Z,GR86-065-5,0,2025-09-06T18:44:50.163Z,GR86-065-5,5
,6,I_R06_2025-09-07,R1,kafka:gr-raw,2025-09-06T18:46:53.572Z,GR86-065-5,0,2025-09-06T18:46:48.149Z,GR86-065-5,5
,7,I_R06_2025-09-07,R1,kafka:gr-raw,2025-09-06T18:48:31.884Z,GR86-065-5,0,2025-09-06T18:48:30.357Z,GR86-065-5,5
,8,I_R06_2025-09-07,R1,kafka:gr-raw,2025-09-06T18:50:14.822Z,GR86-065-5,0,2025-09-06T18:50:14.055Z,GR86-065-5,5
,9,I_R06_2025-09-07,R1,kafka:gr-raw,2025-09-06T18:51:56.223Z,GR86-065-5,0,2025-09-06T18:51:54.207Z,GR86-065-5,5
,10,I_R06_2025-09-07,R1,kafka:gr-raw,2025-09-06T18:54:01.229Z,GR86-065-5,0,2025-09-06T18:53:34.049Z,GR86-065-5,5
,11,I_R06_2025-09-07,R1,kafka:gr-raw,2025-09-06T18:55:16.725Z,GR86-065-5,0,2025-09-06T18:55:13.551Z,GR86-065-5,5
,12,I_R06_2025-09-07,R1,kafka:gr-raw,2025-09-06T18:56:53.846Z,GR86-065-5,0,2025-09-06T18:56:53.072Z,GR86-065-5,5
,13,I_R06_2025-09-07,R1,kafka:gr-raw,2025-09-06T18:58:34.891Z,GR86-065-5,0,2025-09-06T18:58:33.284Z,GR86-065-5,5
,14,I_R06_2025-09-07,R1,kafka:gr-raw,2025-09-06T19:00:14.251Z,GR86-065-5,0,2025-09-06T19:00:13.061Z,GR86-065-5,5
,15,I_R06_2025-09-07,R1,kafka:gr-raw,2025-09-06T19:02:01.240Z,GR86-065-5,0,2025-09-06T19:01:52.471Z,GR86-065-5,5
,16,I_R06_2025-09-07,R1,kafka:gr-raw,2025-09-06T19:03:33.404Z,GR86-065-5,0,2025-09-06T19:03:31.880Z,GR86-065-5,5
,17,I_R06_2025-09-07,R1,kafka:gr-raw,2025-09-06T19:05:22.579Z,GR86-065-5,0,2025-09-06T19:05:11.498Z,GR86-065-5,5
,18,I_R06_2025-09-07,R1,kafka:gr-raw,2025-09-06T19:06:57.710Z,GR86-065-5,0,2025-09-06T19:06:52.143Z,GR86-065-5,5
,19,I_R06_2025-09-07,R1,kafka:gr-raw,2025-09-06T19:08:32.018Z,GR86-065-5,0,2025-09-06T19:08:31.556Z,GR86-065-5,5
,20,I_R06_2025-09-07,R1,kafka:gr-raw,2025-09-06T19:10:12.886Z,GR86-065-5,0,2025-09-06T19:10:11.282Z,GR86-065-5,5
,21,I_R06_2025-09-07,R1,kafka:gr-raw,2025-09-06T19:11:50.998Z,GR86-065-5,0,2025-09-06T19:11:50.761Z,GR86-065-5,5
,22,I_R06_2025-09-07,R1,kafka:gr-raw,2025-09-06T19:13:48.325Z,GR86-065-5,0,2025-09-06T19:13:30.377Z,GR86-065-5,5
,23,I_R06_2025-09-07,R1,kafka:gr-raw,2025-09-06T19:16:55.207Z,GR86-065-5,0,2025-09-06T19:16:49.813Z,GR86-065-5,5
,23,I_R06_2025-09-07,R1,kafka:gr-raw,2025-09-06T19:16:55.207Z,GR86-065-5,0,2025-09-06T19:16:49.811Z,GR86-065-5,5
,23,I_R06_2025-09-07,R1,kafka:gr-raw,2025-09-06T19:15:11.483Z,GR86-065-5,0,2025-09-06T19:15:09.682Z,GR86-065-5,5
,24,I_R06_2025-09-07,R1,kafka:gr-raw,2025-09-06T19:16:55.207Z,GR86-065-5,0,2025-09-06T19:16:49.814Z,GR86-065-5,5
,24,I_R06_2025-09-07,R1,kafka:gr-raw,2025-09-06T19:16:55.207Z,GR86-065-5,0,2025-09-06T19:16:49.812Z,GR86-065-5,5
,24,I_R06_2025-09-07,R1,kafka:gr-raw,2025-09-06T19:16:55.205Z,GR86-065-5,0,2025-09-06T19:16:49.810Z,GR86-065-5,5
,25,I_R06_2025-09-07,R1,kafka:gr-raw,2025-09-06T19:18:33.639Z,GR86-065-5,0,2025-09-06T19:18:32.682Z,GR86-065-5,5
,26,I_R06_2025-09-07,R1,kafka:gr-raw,2025-09-06T19:20:17.357Z,GR86-065-5,0,2025-09-06T19:20:11.753Z,GR86-065-5,5
,27,I_R06_2025-09-07,R1,kafka:gr-raw,2025-09-06T19:21:52.617Z,GR86-065-5,0,2025-09-06T19:21:51.098Z,GR86-065-5,5
,28,I_R06_2025-09-07,R1,kafka:gr-raw,2025-09-06T19:23:31.900Z,GR86-065-5,0,2025-09-06T19:23:30.344Z,GR86-065-5,5
